Predicted Rbdirection,Offpersonnelbasic,Down,Distance,Minutes Left,0
L,11,1,1,1,1463
L,11,1,1,2,1420
L,11,1,1,3,1656
L,11,1,1,4,1569
L,11,1,1,5,1875
L,11,1,1,6,1889
L,11,1,1,7,2638
L,11,1,1,8,3105
L,11,1,1,9,2660
L,11,1,1,10,2646
L,11,1,1,11,2715
L,11,1,1,12,2653
L,11,1,1,13,2288
L,11,1,1,14,2454
L,11,1,1,15,2876
L,11,1,2,1,1839
L,11,1,2,2,1673
L,11,1,2,3,1918
L,11,1,2,4,1784
L,11,1,2,5,2168
L,11,1,2,6,2063
L,11,1,2,7,2779
L,11,1,2,8,3254
L,11,1,2,9,2907
L,11,1,2,10,2887
L,11,1,2,11,2914
L,11,1,2,12,2862
L,11,1,2,13,2479
L,11,1,2,14,2649
L,11,1,2,15,2980
L,11,1,3,1,1980
L,11,1,3,2,1695
L,11,1,3,3,1918
L,11,1,3,4,1811
L,11,1,3,5,2149
L,11,1,3,6,2071
L,11,1,3,7,2772
L,11,1,3,8,3198
L,11,1,3,9,2809
L,11,1,3,10,2774
L,11,1,3,11,2806
L,11,1,3,12,2733
L,11,1,3,13,2325
L,11,1,3,14,2534
L,11,1,3,15,2853
L,11,1,4,1,2101
L,11,1,4,2,1809
L,11,1,4,3,2044
L,11,1,4,4,1909
L,11,1,4,5,2218
L,11,1,4,6,2127
L,11,1,4,7,2798
L,11,1,4,8,3216
L,11,1,4,9,2717
L,11,1,4,10,2728
L,11,1,4,11,2800
L,11,1,4,12,2672
L,11,1,4,13,2308
L,11,1,4,14,2482
L,11,1,4,15,2764
L,11,1,5,1,2123
L,11,1,5,2,1816
L,11,1,5,3,2057
L,11,1,5,4,1934
L,11,1,5,5,2218
L,11,1,5,6,2131
L,11,1,5,7,2844
L,11,1,5,8,3238
L,11,1,5,9,2791
L,11,1,5,10,2777
L,11,1,5,11,2824
L,11,1,5,12,2706
L,11,1,5,13,2261
L,11,1,5,14,2435
L,11,1,5,15,2732
L,11,1,6,1,2150
L,11,1,6,2,1658
L,11,1,6,3,1912
L,11,1,6,4,1806
L,11,1,6,5,2104
L,11,1,6,6,2059
L,11,1,6,7,2742
L,11,1,6,8,3116
L,11,1,6,9,2612
L,11,1,6,10,2603
L,11,1,6,11,2693
L,11,1,6,12,2544
L,11,1,6,13,2086
L,11,1,6,14,2275
L,11,1,6,15,2529
L,11,1,7,1,2084
L,11,1,7,2,1498
L,11,1,7,3,1804
L,11,1,7,4,1695
L,11,1,7,5,1989
L,11,1,7,6,1973
L,11,1,7,7,2714
L,11,1,7,8,3085
L,11,1,7,9,2576
L,11,1,7,10,2578
L,11,1,7,11,2643
L,11,1,7,12,2495
L,11,1,7,13,2217
L,11,1,7,14,2411
L,11,1,7,15,2617
L,11,1,8,1,1978
L,11,1,8,2,1419
L,11,1,8,3,1671
L,11,1,8,4,1553
L,11,1,8,5,1838
L,11,1,8,6,1842
L,11,1,8,7,2669
L,11,1,8,8,3052
L,11,1,8,9,2624
L,11,1,8,10,2620
L,11,1,8,11,2677
L,11,1,8,12,2505
L,11,1,8,13,2178
L,11,1,8,14,2375
L,11,1,8,15,2585
L,11,1,9,1,1853
L,11,1,9,2,1278
L,11,1,9,3,1332
L,11,1,9,4,1281
L,11,1,9,5,1558
L,11,1,9,6,1578
L,11,1,9,7,2364
L,11,1,9,8,2865
L,11,1,9,9,2342
L,11,1,9,10,2339
L,11,1,9,11,2495
L,11,1,9,12,2257
L,11,1,9,13,1984
L,11,1,9,14,2204
L,11,1,9,15,2458
L,11,1,10,1,1679
L,11,1,10,2,1033
L,11,1,10,3,1213
L,11,1,10,4,1149
L,11,1,10,5,1467
L,11,1,10,6,1498
L,11,1,10,7,2410
L,11,1,10,8,2849
L,11,1,10,9,2273
L,11,1,10,10,2299
L,11,1,10,11,2464
L,11,1,10,12,2213
L,11,1,10,13,1903
L,11,1,10,14,2137
L,11,1,10,15,2399
L,11,2,1,1,1617
L,11,2,1,2,1527
L,11,2,1,3,1740
L,11,2,1,4,1552
L,11,2,1,5,1927
L,11,2,1,6,1856
L,11,2,1,7,2622
L,11,2,1,8,3097
L,11,2,1,9,2434
L,11,2,1,10,2390
L,11,2,1,11,2388
L,11,2,1,12,2329
L,11,2,1,13,1943
L,11,2,1,14,2151
L,11,2,1,15,2637
L,11,2,2,1,2082
L,11,2,2,2,1844
L,11,2,2,3,2073
L,11,2,2,4,1866
L,11,2,2,5,2294
L,11,2,2,6,2091
L,11,2,2,7,2858
L,11,2,2,8,3295
L,11,2,2,9,2808
L,11,2,2,10,2725
L,11,2,2,11,2698
L,11,2,2,12,2634
L,11,2,2,13,2281
L,11,2,2,14,2474
L,11,2,2,15,2832
L,11,2,3,1,2229
L,11,2,3,2,1839
L,11,2,3,3,2061
L,11,2,3,4,1857
L,11,2,3,5,2193
L,11,2,3,6,2063
L,11,2,3,7,2791
L,11,2,3,8,3192
L,11,2,3,9,2657
L,11,2,3,10,2603
L,11,2,3,11,2575
L,11,2,3,12,2482
L,11,2,3,13,2144
L,11,2,3,14,2345
L,11,2,3,15,2654
L,11,2,4,1,2287
L,11,2,4,2,1906
L,11,2,4,3,2174
L,11,2,4,4,1963
L,11,2,4,5,2262
L,11,2,4,6,2056
L,11,2,4,7,2745
L,11,2,4,8,3161
L,11,2,4,9,2534
L,11,2,4,10,2490
L,11,2,4,11,2498
L,11,2,4,12,2359
L,11,2,4,13,2025
L,11,2,4,14,2272
L,11,2,4,15,2540
L,11,2,5,1,2344
L,11,2,5,2,1941
L,11,2,5,3,2198
L,11,2,5,4,2036
L,11,2,5,5,2254
L,11,2,5,6,2105
L,11,2,5,7,2793
L,11,2,5,8,3209
L,11,2,5,9,2609
L,11,2,5,10,2557
L,11,2,5,11,2541
L,11,2,5,12,2436
L,11,2,5,13,1983
L,11,2,5,14,2187
L,11,2,5,15,2497
L,11,2,6,1,2351
L,11,2,6,2,1755
L,11,2,6,3,2014
L,11,2,6,4,1856
L,11,2,6,5,2098
L,11,2,6,6,1944
L,11,2,6,7,2599
L,11,2,6,8,3062
L,11,2,6,9,2434
L,11,2,6,10,2403
L,11,2,6,11,2395
L,11,2,6,12,2234
L,11,2,6,13,1769
L,11,2,6,14,1983
L,11,2,6,15,2281
L,11,2,7,1,2219
L,11,2,7,2,1564
L,11,2,7,3,1897
L,11,2,7,4,1700
L,11,2,7,5,1968
L,11,2,7,6,1846
L,11,2,7,7,2538
L,11,2,7,8,2952
L,11,2,7,9,2358
L,11,2,7,10,2310
L,11,2,7,11,2290
L,11,2,7,12,2157
L,11,2,7,13,1842
L,11,2,7,14,2093
L,11,2,7,15,2327
L,11,2,8,1,2046
L,11,2,8,2,1459
L,11,2,8,3,1719
L,11,2,8,4,1564
L,11,2,8,5,1805
L,11,2,8,6,1719
L,11,2,8,7,2454
L,11,2,8,8,2894
L,11,2,8,9,2371
L,11,2,8,10,2335
L,11,2,8,11,2306
L,11,2,8,12,2117
L,11,2,8,13,1779
L,11,2,8,14,2030
L,11,2,8,15,2281
L,11,2,9,1,1951
L,11,2,9,2,1320
L,11,2,9,3,1383
L,11,2,9,4,1274
L,11,2,9,5,1481
L,11,2,9,6,1441
L,11,2,9,7,2182
L,11,2,9,8,2645
L,11,2,9,9,2030
L,11,2,9,10,1985
L,11,2,9,11,2090
L,11,2,9,12,1893
L,11,2,9,13,1640
L,11,2,9,14,1803
L,11,2,9,15,2088
L,11,2,10,1,1735
L,11,2,10,2,1108
L,11,2,10,3,1235
L,11,2,10,4,1146
L,11,2,10,5,1363
L,11,2,10,6,1324
L,11,2,10,7,2196
L,11,2,10,8,2652
L,11,2,10,9,2042
L,11,2,10,10,2033
L,11,2,10,11,2124
L,11,2,10,12,1922
L,11,2,10,13,1631
L,11,2,10,14,1745
L,11,2,10,15,2024
L,11,3,1,1,1510
L,11,3,1,2,1704
L,11,3,1,3,1830
L,11,3,1,4,1695
L,11,3,1,5,2156
L,11,3,1,6,2025
L,11,3,1,7,3065
L,11,3,1,8,3810
L,11,3,1,9,3118
L,11,3,1,10,3000
L,11,3,1,11,3015
L,11,3,1,12,2975
L,11,3,1,13,2485
L,11,3,1,14,2798
L,11,3,1,15,3431
L,11,3,2,1,2067
L,11,3,2,2,2010
L,11,3,2,3,2156
L,11,3,2,4,2124
L,11,3,2,5,2609
L,11,3,2,6,2531
L,11,3,2,7,3509
L,11,3,2,8,4003
L,11,3,2,9,3718
L,11,3,2,10,3564
L,11,3,2,11,3502
L,11,3,2,12,3435
L,11,3,2,13,3114
L,11,3,2,14,3370
L,11,3,2,15,3737
L,11,3,3,1,2117
L,11,3,3,2,2154
L,11,3,3,3,2271
L,11,3,3,4,2224
L,11,3,3,5,2550
L,11,3,3,6,2579
L,11,3,3,7,3475
L,11,3,3,8,3967
L,11,3,3,9,3647
L,11,3,3,10,3586
L,11,3,3,11,3532
L,11,3,3,12,3418
L,11,3,3,13,3098
L,11,3,3,14,3339
L,11,3,3,15,3693
L,11,3,4,1,2192
L,11,3,4,2,2175
L,11,3,4,3,2373
L,11,3,4,4,2267
L,11,3,4,5,2637
L,11,3,4,6,2525
L,11,3,4,7,3313
L,11,3,4,8,3852
L,11,3,4,9,3477
L,11,3,4,10,3390
L,11,3,4,11,3419
L,11,3,4,12,3293
L,11,3,4,13,2981
L,11,3,4,14,3233
L,11,3,4,15,3588
L,11,3,5,1,2219
L,11,3,5,2,2162
L,11,3,5,3,2364
L,11,3,5,4,2306
L,11,3,5,5,2603
L,11,3,5,6,2528
L,11,3,5,7,3382
L,11,3,5,8,3891
L,11,3,5,9,3499
L,11,3,5,10,3415
L,11,3,5,11,3429
L,11,3,5,12,3289
L,11,3,5,13,2873
L,11,3,5,14,3155
L,11,3,5,15,3517
L,11,3,6,1,2312
L,11,3,6,2,2028
L,11,3,6,3,2219
L,11,3,6,4,2173
L,11,3,6,5,2470
L,11,3,6,6,2390
L,11,3,6,7,3272
L,11,3,6,8,3765
L,11,3,6,9,3429
L,11,3,6,10,3330
L,11,3,6,11,3368
L,11,3,6,12,3224
L,11,3,6,13,2776
L,11,3,6,14,3000
L,11,3,6,15,3401
L,11,3,7,1,2219
L,11,3,7,2,1826
L,11,3,7,3,2056
L,11,3,7,4,1971
L,11,3,7,5,2293
L,11,3,7,6,2272
L,11,3,7,7,3242
L,11,3,7,8,3671
L,11,3,7,9,3366
L,11,3,7,10,3285
L,11,3,7,11,3314
L,11,3,7,12,3197
L,11,3,7,13,2811
L,11,3,7,14,3064
L,11,3,7,15,3428
L,11,3,8,1,2079
L,11,3,8,2,1727
L,11,3,8,3,1872
L,11,3,8,4,1798
L,11,3,8,5,2130
L,11,3,8,6,2101
L,11,3,8,7,3173
L,11,3,8,8,3608
L,11,3,8,9,3356
L,11,3,8,10,3276
L,11,3,8,11,3296
L,11,3,8,12,3186
L,11,3,8,13,2779
L,11,3,8,14,2995
L,11,3,8,15,3376
L,11,3,9,1,1985
L,11,3,9,2,1569
L,11,3,9,3,1699
L,11,3,9,4,1615
L,11,3,9,5,1961
L,11,3,9,6,1864
L,11,3,9,7,2895
L,11,3,9,8,3321
L,11,3,9,9,3146
L,11,3,9,10,3107
L,11,3,9,11,3258
L,11,3,9,12,3076
L,11,3,9,13,2631
L,11,3,9,14,2807
L,11,3,9,15,3168
L,11,3,10,1,1832
L,11,3,10,2,1343
L,11,3,10,3,1587
L,11,3,10,4,1482
L,11,3,10,5,1862
L,11,3,10,6,1780
L,11,3,10,7,2901
L,11,3,10,8,3315
L,11,3,10,9,3176
L,11,3,10,10,3153
L,11,3,10,11,3270
L,11,3,10,12,3082
L,11,3,10,13,2656
L,11,3,10,14,2789
L,11,3,10,15,3139
L,12,1,1,1,1208
L,12,1,1,2,1035
L,12,1,1,3,1501
L,12,1,1,4,1589
L,12,1,1,5,1844
L,12,1,1,6,1829
L,12,1,1,7,2652
L,12,1,1,8,3333
L,12,1,1,9,2532
L,12,1,1,10,2522
L,12,1,1,11,2641
L,12,1,1,12,2697
L,12,1,1,13,2218
L,12,1,1,14,2620
L,12,1,1,15,3118
L,12,1,2,1,1657
L,12,1,2,2,1317
L,12,1,2,3,1744
L,12,1,2,4,1823
L,12,1,2,5,2182
L,12,1,2,6,2029
L,12,1,2,7,2724
L,12,1,2,8,3242
L,12,1,2,9,2585
L,12,1,2,10,2652
L,12,1,2,11,2760
L,12,1,2,12,2806
L,12,1,2,13,2306
L,12,1,2,14,2675
L,12,1,2,15,3093
L,12,1,3,1,1900
L,12,1,3,2,1389
L,12,1,3,3,1742
L,12,1,3,4,1894
L,12,1,3,5,2278
L,12,1,3,6,2113
L,12,1,3,7,2698
L,12,1,3,8,3168
L,12,1,3,9,2394
L,12,1,3,10,2491
L,12,1,3,11,2676
L,12,1,3,12,2687
L,12,1,3,13,2237
L,12,1,3,14,2585
L,12,1,3,15,2964
L,12,1,4,1,2199
L,12,1,4,2,1576
L,12,1,4,3,1934
L,12,1,4,4,2014
L,12,1,4,5,2346
L,12,1,4,6,2159
L,12,1,4,7,2750
L,12,1,4,8,3100
L,12,1,4,9,2350
L,12,1,4,10,2475
L,12,1,4,11,2658
L,12,1,4,12,2649
L,12,1,4,13,2201
L,12,1,4,14,2533
L,12,1,4,15,2868
L,12,1,5,1,2163
L,12,1,5,2,1599
L,12,1,5,3,1969
L,12,1,5,4,2093
L,12,1,5,5,2327
L,12,1,5,6,2195
L,12,1,5,7,2863
L,12,1,5,8,3178
L,12,1,5,9,2472
L,12,1,5,10,2551
L,12,1,5,11,2744
L,12,1,5,12,2724
L,12,1,5,13,2137
L,12,1,5,14,2496
L,12,1,5,15,2811
L,12,1,6,1,2234
L,12,1,6,2,1489
L,12,1,6,3,1816
L,12,1,6,4,1976
L,12,1,6,5,2250
L,12,1,6,6,2119
L,12,1,6,7,2679
L,12,1,6,8,2966
L,12,1,6,9,2223
L,12,1,6,10,2297
L,12,1,6,11,2500
L,12,1,6,12,2494
L,12,1,6,13,1899
L,12,1,6,14,2224
L,12,1,6,15,2553
L,12,1,7,1,2254
L,12,1,7,2,1418
L,12,1,7,3,1789
L,12,1,7,4,1919
L,12,1,7,5,2135
L,12,1,7,6,2026
L,12,1,7,7,2603
L,12,1,7,8,2821
L,12,1,7,9,2110
L,12,1,7,10,2174
L,12,1,7,11,2386
L,12,1,7,12,2372
L,12,1,7,13,1956
L,12,1,7,14,2358
L,12,1,7,15,2646
L,12,1,8,1,2073
L,12,1,8,2,1325
L,12,1,8,3,1596
L,12,1,8,4,1728
L,12,1,8,5,1982
L,12,1,8,6,1906
L,12,1,8,7,2582
L,12,1,8,8,2825
L,12,1,8,9,2179
L,12,1,8,10,2243
L,12,1,8,11,2459
L,12,1,8,12,2386
L,12,1,8,13,1949
L,12,1,8,14,2340
L,12,1,8,15,2636
L,12,1,9,1,1932
L,12,1,9,2,1184
L,12,1,9,3,1232
L,12,1,9,4,1427
L,12,1,9,5,1601
L,12,1,9,6,1537
L,12,1,9,7,2186
L,12,1,9,8,2366
L,12,1,9,9,1772
L,12,1,9,10,1796
L,12,1,9,11,2037
L,12,1,9,12,2016
L,12,1,9,13,1690
L,12,1,9,14,2070
L,12,1,9,15,2422
L,12,1,10,1,1722
L,12,1,10,2,932
L,12,1,10,3,1056
L,12,1,10,4,1325
L,12,1,10,5,1501
L,12,1,10,6,1453
L,12,1,10,7,2163
L,12,1,10,8,2366
L,12,1,10,9,1700
L,12,1,10,10,1739
L,12,1,10,11,1973
L,12,1,10,12,1922
L,12,1,10,13,1621
L,12,1,10,14,2014
L,12,1,10,15,2370
L,12,2,1,1,1495
L,12,2,1,2,1303
L,12,2,1,3,1749
L,12,2,1,4,1740
L,12,2,1,5,1938
L,12,2,1,6,1850
L,12,2,1,7,2617
L,12,2,1,8,3394
L,12,2,1,9,2430
L,12,2,1,10,2366
L,12,2,1,11,2389
L,12,2,1,12,2467
L,12,2,1,13,2087
L,12,2,1,14,2537
L,12,2,1,15,3097
L,12,2,2,1,1981
L,12,2,2,2,1611
L,12,2,2,3,2037
L,12,2,2,4,2047
L,12,2,2,5,2304
L,12,2,2,6,2059
L,12,2,2,7,2768
L,12,2,2,8,3359
L,12,2,2,9,2568
L,12,2,2,10,2622
L,12,2,2,11,2621
L,12,2,2,12,2649
L,12,2,2,13,2202
L,12,2,2,14,2603
L,12,2,2,15,3068
L,12,2,3,1,2231
L,12,2,3,2,1644
L,12,2,3,3,1992
L,12,2,3,4,2066
L,12,2,3,5,2352
L,12,2,3,6,2089
L,12,2,3,7,2738
L,12,2,3,8,3239
L,12,2,3,9,2347
L,12,2,3,10,2437
L,12,2,3,11,2490
L,12,2,3,12,2482
L,12,2,3,13,2125
L,12,2,3,14,2511
L,12,2,3,15,2921
L,12,2,4,1,2444
L,12,2,4,2,1788
L,12,2,4,3,2166
L,12,2,4,4,2223
L,12,2,4,5,2428
L,12,2,4,6,2115
L,12,2,4,7,2748
L,12,2,4,8,3107
L,12,2,4,9,2272
L,12,2,4,10,2359
L,12,2,4,11,2419
L,12,2,4,12,2435
L,12,2,4,13,2061
L,12,2,4,14,2465
L,12,2,4,15,2841
L,12,2,5,1,2481
L,12,2,5,2,1827
L,12,2,5,3,2216
L,12,2,5,4,2252
L,12,2,5,5,2448
L,12,2,5,6,2192
L,12,2,5,7,2843
L,12,2,5,8,3214
L,12,2,5,9,2367
L,12,2,5,10,2440
L,12,2,5,11,2487
L,12,2,5,12,2488
L,12,2,5,13,1998
L,12,2,5,14,2437
L,12,2,5,15,2785
L,12,2,6,1,2563
L,12,2,6,2,1635
L,12,2,6,3,1991
L,12,2,6,4,2080
L,12,2,6,5,2251
L,12,2,6,6,2039
L,12,2,6,7,2539
L,12,2,6,8,2880
L,12,2,6,9,2083
L,12,2,6,10,2136
L,12,2,6,11,2197
L,12,2,6,12,2213
L,12,2,6,13,1673
L,12,2,6,14,2087
L,12,2,6,15,2442
L,12,2,7,1,2505
L,12,2,7,2,1502
L,12,2,7,3,1908
L,12,2,7,4,1979
L,12,2,7,5,2085
L,12,2,7,6,1919
L,12,2,7,7,2421
L,12,2,7,8,2682
L,12,2,7,9,1940
L,12,2,7,10,1960
L,12,2,7,11,2026
L,12,2,7,12,2071
L,12,2,7,13,1717
L,12,2,7,14,2158
L,12,2,7,15,2509
L,12,2,8,1,2283
L,12,2,8,2,1389
L,12,2,8,3,1707
L,12,2,8,4,1771
L,12,2,8,5,1905
L,12,2,8,6,1797
L,12,2,8,7,2379
L,12,2,8,8,2653
L,12,2,8,9,1959
L,12,2,8,10,2002
L,12,2,8,11,2072
L,12,2,8,12,2066
L,12,2,8,13,1675
L,12,2,8,14,2119
L,12,2,8,15,2448
L,12,2,9,1,2118
L,12,2,9,2,1266
L,12,2,9,3,1353
L,12,2,9,4,1478
L,12,2,9,5,1581
L,12,2,9,6,1487
L,12,2,9,7,2051
L,12,2,9,8,2237
L,12,2,9,9,1616
L,12,2,9,10,1612
L,12,2,9,11,1711
L,12,2,9,12,1735
L,12,2,9,13,1458
L,12,2,9,14,1814
L,12,2,9,15,2166
L,12,2,10,1,1920
L,12,2,10,2,1053
L,12,2,10,3,1151
L,12,2,10,4,1375
L,12,2,10,5,1424
L,12,2,10,6,1376
L,12,2,10,7,2001
L,12,2,10,8,2214
L,12,2,10,9,1621
L,12,2,10,10,1623
L,12,2,10,11,1706
L,12,2,10,12,1716
L,12,2,10,13,1458
L,12,2,10,14,1754
L,12,2,10,15,2074
L,12,3,1,1,1223
L,12,3,1,2,1271
L,12,3,1,3,1489
L,12,3,1,4,1489
L,12,3,1,5,1780
L,12,3,1,6,1747
L,12,3,1,7,2717
L,12,3,1,8,3818
L,12,3,1,9,3032
L,12,3,1,10,2908
L,12,3,1,11,2944
L,12,3,1,12,2977
L,12,3,1,13,2521
L,12,3,1,14,3149
L,12,3,1,15,3720
L,12,3,2,1,1649
L,12,3,2,2,1515
L,12,3,2,3,1708
L,12,3,2,4,1838
L,12,3,2,5,2169
L,12,3,2,6,2099
L,12,3,2,7,2997
L,12,3,2,8,3812
L,12,3,2,9,3279
L,12,3,2,10,3224
L,12,3,2,11,3206
L,12,3,2,12,3217
L,12,3,2,13,2850
L,12,3,2,14,3317
L,12,3,2,15,3678
L,12,3,3,1,1794
L,12,3,3,2,1630
L,12,3,3,3,1831
L,12,3,3,4,1946
L,12,3,3,5,2203
L,12,3,3,6,2204
L,12,3,3,7,2975
L,12,3,3,8,3573
L,12,3,3,9,3165
L,12,3,3,10,3185
L,12,3,3,11,3243
L,12,3,3,12,3227
L,12,3,3,13,2808
L,12,3,3,14,3208
L,12,3,3,15,3540
L,12,3,4,1,2012
L,12,3,4,2,1755
L,12,3,4,3,1944
L,12,3,4,4,2077
L,12,3,4,5,2339
L,12,3,4,6,2187
L,12,3,4,7,2998
L,12,3,4,8,3500
L,12,3,4,9,3017
L,12,3,4,10,3064
L,12,3,4,11,3160
L,12,3,4,12,3134
L,12,3,4,13,2713
L,12,3,4,14,3152
L,12,3,4,15,3459
L,12,3,5,1,1999
L,12,3,5,2,1726
L,12,3,5,3,1973
L,12,3,5,4,2113
L,12,3,5,5,2331
L,12,3,5,6,2262
L,12,3,5,7,3037
L,12,3,5,8,3492
L,12,3,5,9,3017
L,12,3,5,10,3078
L,12,3,5,11,3192
L,12,3,5,12,3149
L,12,3,5,13,2603
L,12,3,5,14,3051
L,12,3,5,15,3365
L,12,3,6,1,2114
L,12,3,6,2,1589
L,12,3,6,3,1784
L,12,3,6,4,1937
L,12,3,6,5,2176
L,12,3,6,6,2108
L,12,3,6,7,2848
L,12,3,6,8,3367
L,12,3,6,9,2882
L,12,3,6,10,2912
L,12,3,6,11,3018
L,12,3,6,12,2986
L,12,3,6,13,2425
L,12,3,6,14,2830
L,12,3,6,15,3194
L,12,3,7,1,2084
L,12,3,7,2,1446
L,12,3,7,3,1654
L,12,3,7,4,1791
L,12,3,7,5,1988
L,12,3,7,6,1968
L,12,3,7,7,2780
L,12,3,7,8,3253
L,12,3,7,9,2804
L,12,3,7,10,2828
L,12,3,7,11,2931
L,12,3,7,12,2899
L,12,3,7,13,2460
L,12,3,7,14,2940
L,12,3,7,15,3325
L,12,3,8,1,1903
L,12,3,8,2,1330
L,12,3,8,3,1479
L,12,3,8,4,1636
L,12,3,8,5,1830
L,12,3,8,6,1838
L,12,3,8,7,2732
L,12,3,8,8,3231
L,12,3,8,9,2785
L,12,3,8,10,2821
L,12,3,8,11,2921
L,12,3,8,12,2891
L,12,3,8,13,2435
L,12,3,8,14,2901
L,12,3,8,15,3287
L,12,3,9,1,1767
L,12,3,9,2,1179
L,12,3,9,3,1335
L,12,3,9,4,1466
L,12,3,9,5,1703
L,12,3,9,6,1654
L,12,3,9,7,2448
L,12,3,9,8,2904
L,12,3,9,9,2495
L,12,3,9,10,2533
L,12,3,9,11,2705
L,12,3,9,12,2711
L,12,3,9,13,2222
L,12,3,9,14,2594
L,12,3,9,15,3029
L,12,3,10,1,1561
L,12,3,10,2,982
L,12,3,10,3,1175
L,12,3,10,4,1331
L,12,3,10,5,1556
L,12,3,10,6,1551
L,12,3,10,7,2447
L,12,3,10,8,2907
L,12,3,10,9,2560
L,12,3,10,10,2573
L,12,3,10,11,2712
L,12,3,10,12,2733
L,12,3,10,13,2221
L,12,3,10,14,2551
L,12,3,10,15,2978
L,13,1,1,1,1388
L,13,1,1,2,1412
L,13,1,1,3,1812
L,13,1,1,4,1600
L,13,1,1,5,1922
L,13,1,1,6,1947
L,13,1,1,7,2611
L,13,1,1,8,3124
L,13,1,1,9,2637
L,13,1,1,10,2627
L,13,1,1,11,2681
L,13,1,1,12,2653
L,13,1,1,13,2091
L,13,1,1,14,2403
L,13,1,1,15,2972
L,13,1,2,1,1735
L,13,1,2,2,1718
L,13,1,2,3,2077
L,13,1,2,4,1952
L,13,1,2,5,2329
L,13,1,2,6,2206
L,13,1,2,7,2761
L,13,1,2,8,3167
L,13,1,2,9,2866
L,13,1,2,10,2855
L,13,1,2,11,2849
L,13,1,2,12,2796
L,13,1,2,13,2231
L,13,1,2,14,2555
L,13,1,2,15,3030
L,13,1,3,1,1919
L,13,1,3,2,1645
L,13,1,3,3,1982
L,13,1,3,4,1909
L,13,1,3,5,2331
L,13,1,3,6,2264
L,13,1,3,7,2679
L,13,1,3,8,3070
L,13,1,3,9,2638
L,13,1,3,10,2649
L,13,1,3,11,2720
L,13,1,3,12,2641
L,13,1,3,13,2103
L,13,1,3,14,2438
L,13,1,3,15,2880
L,13,1,4,1,2140
L,13,1,4,2,1796
L,13,1,4,3,2131
L,13,1,4,4,2023
L,13,1,4,5,2401
L,13,1,4,6,2297
L,13,1,4,7,2724
L,13,1,4,8,3141
L,13,1,4,9,2547
L,13,1,4,10,2599
L,13,1,4,11,2695
L,13,1,4,12,2579
L,13,1,4,13,2066
L,13,1,4,14,2380
L,13,1,4,15,2791
L,13,1,5,1,2059
L,13,1,5,2,1720
L,13,1,5,3,2120
L,13,1,5,4,2037
L,13,1,5,5,2336
L,13,1,5,6,2285
L,13,1,5,7,2756
L,13,1,5,8,3157
L,13,1,5,9,2579
L,13,1,5,10,2635
L,13,1,5,11,2742
L,13,1,5,12,2624
L,13,1,5,13,1978
L,13,1,5,14,2262
L,13,1,5,15,2599
L,13,1,6,1,1972
L,13,1,6,2,1507
L,13,1,6,3,1877
L,13,1,6,4,1813
L,13,1,6,5,2193
L,13,1,6,6,2142
L,13,1,6,7,2618
L,13,1,6,8,2949
L,13,1,6,9,2333
L,13,1,6,10,2403
L,13,1,6,11,2561
L,13,1,6,12,2434
L,13,1,6,13,1790
L,13,1,6,14,2063
L,13,1,6,15,2417
L,13,1,7,1,1906
L,13,1,7,2,1406
L,13,1,7,3,1822
L,13,1,7,4,1797
L,13,1,7,5,2120
L,13,1,7,6,2079
L,13,1,7,7,2656
L,13,1,7,8,2908
L,13,1,7,9,2213
L,13,1,7,10,2302
L,13,1,7,11,2437
L,13,1,7,12,2329
L,13,1,7,13,1885
L,13,1,7,14,2250
L,13,1,7,15,2562
L,13,1,8,1,1765
L,13,1,8,2,1328
L,13,1,8,3,1660
L,13,1,8,4,1620
L,13,1,8,5,1941
L,13,1,8,6,1940
L,13,1,8,7,2650
L,13,1,8,8,2910
L,13,1,8,9,2314
L,13,1,8,10,2414
L,13,1,8,11,2516
L,13,1,8,12,2358
L,13,1,8,13,1914
L,13,1,8,14,2278
L,13,1,8,15,2585
L,13,1,9,1,1648
L,13,1,9,2,1186
L,13,1,9,3,1308
L,13,1,9,4,1382
L,13,1,9,5,1642
L,13,1,9,6,1646
L,13,1,9,7,2354
L,13,1,9,8,2656
L,13,1,9,9,2083
L,13,1,9,10,2005
L,13,1,9,11,2236
L,13,1,9,12,2026
L,13,1,9,13,1688
L,13,1,9,14,2044
L,13,1,9,15,2414
L,13,1,10,1,1382
L,13,1,10,2,924
L,13,1,10,3,1158
L,13,1,10,4,1282
L,13,1,10,5,1543
L,13,1,10,6,1568
L,13,1,10,7,2360
L,13,1,10,8,2623
L,13,1,10,9,1993
L,13,1,10,10,1937
L,13,1,10,11,2135
L,13,1,10,12,1938
L,13,1,10,13,1584
L,13,1,10,14,1954
L,13,1,10,15,2298
L,13,2,1,1,1507
L,13,2,1,2,1571
L,13,2,1,3,1924
L,13,2,1,4,1659
L,13,2,1,5,1874
L,13,2,1,6,1842
L,13,2,1,7,2543
L,13,2,1,8,3056
L,13,2,1,9,2526
L,13,2,1,10,2532
L,13,2,1,11,2519
L,13,2,1,12,2519
L,13,2,1,13,2029
L,13,2,1,14,2275
L,13,2,1,15,2911
L,13,2,2,1,1890
L,13,2,2,2,1870
L,13,2,2,3,2256
L,13,2,2,4,2057
L,13,2,2,5,2348
L,13,2,2,6,2129
L,13,2,2,7,2780
L,13,2,2,8,3206
L,13,2,2,9,2814
L,13,2,2,10,2785
L,13,2,2,11,2763
L,13,2,2,12,2707
L,13,2,2,13,2219
L,13,2,2,14,2470
L,13,2,2,15,2968
L,13,2,3,1,2074
L,13,2,3,2,1775
L,13,2,3,3,2106
L,13,2,3,4,1928
L,13,2,3,5,2261
L,13,2,3,6,2123
L,13,2,3,7,2636
L,13,2,3,8,3006
L,13,2,3,9,2592
L,13,2,3,10,2595
L,13,2,3,11,2599
L,13,2,3,12,2516
L,13,2,3,13,2037
L,13,2,3,14,2293
L,13,2,3,15,2763
L,13,2,4,1,2279
L,13,2,4,2,1883
L,13,2,4,3,2283
L,13,2,4,4,2068
L,13,2,4,5,2384
L,13,2,4,6,2089
L,13,2,4,7,2625
L,13,2,4,8,3011
L,13,2,4,9,2438
L,13,2,4,10,2461
L,13,2,4,11,2521
L,13,2,4,12,2406
L,13,2,4,13,1949
L,13,2,4,14,2231
L,13,2,4,15,2659
L,13,2,5,1,2239
L,13,2,5,2,1861
L,13,2,5,3,2284
L,13,2,5,4,2129
L,13,2,5,5,2356
L,13,2,5,6,2142
L,13,2,5,7,2679
L,13,2,5,8,3059
L,13,2,5,9,2489
L,13,2,5,10,2511
L,13,2,5,11,2539
L,13,2,5,12,2421
L,13,2,5,13,1867
L,13,2,5,14,2136
L,13,2,5,15,2542
L,13,2,6,1,2147
L,13,2,6,2,1587
L,13,2,6,3,1978
L,13,2,6,4,1855
L,13,2,6,5,2094
L,13,2,6,6,1916
L,13,2,6,7,2392
L,13,2,6,8,2796
L,13,2,6,9,2270
L,13,2,6,10,2278
L,13,2,6,11,2345
L,13,2,6,12,2221
L,13,2,6,13,1620
L,13,2,6,14,1867
L,13,2,6,15,2239
L,13,2,7,1,2041
L,13,2,7,2,1452
L,13,2,7,3,1920
L,13,2,7,4,1822
L,13,2,7,5,2016
L,13,2,7,6,1853
L,13,2,7,7,2405
L,13,2,7,8,2726
L,13,2,7,9,2124
L,13,2,7,10,2131
L,13,2,7,11,2190
L,13,2,7,12,2065
L,13,2,7,13,1665
L,13,2,7,14,2006
L,13,2,7,15,2354
L,13,2,8,1,1824
L,13,2,8,2,1383
L,13,2,8,3,1734
L,13,2,8,4,1602
L,13,2,8,5,1831
L,13,2,8,6,1749
L,13,2,8,7,2358
L,13,2,8,8,2714
L,13,2,8,9,2197
L,13,2,8,10,2195
L,13,2,8,11,2234
L,13,2,8,12,2057
L,13,2,8,13,1665
L,13,2,8,14,1997
L,13,2,8,15,2351
L,13,2,9,1,1667
L,13,2,9,2,1273
L,13,2,9,3,1378
L,13,2,9,4,1356
L,13,2,9,5,1482
L,13,2,9,6,1436
L,13,2,9,7,2134
L,13,2,9,8,2404
L,13,2,9,9,1867
L,13,2,9,10,1786
L,13,2,9,11,1879
L,13,2,9,12,1770
L,13,2,9,13,1477
L,13,2,9,14,1753
L,13,2,9,15,2058
L,13,2,10,1,1403
L,13,2,10,2,1020
L,13,2,10,3,1204
L,13,2,10,4,1269
L,13,2,10,5,1350
L,13,2,10,6,1328
L,13,2,10,7,2133
L,13,2,10,8,2382
L,13,2,10,9,1765
L,13,2,10,10,1706
L,13,2,10,11,1805
L,13,2,10,12,1678
L,13,2,10,13,1393
L,13,2,10,14,1653
L,13,2,10,15,1957
L,13,3,1,1,1380
L,13,3,1,2,1665
L,13,3,1,3,1792
L,13,3,1,4,1658
L,13,3,1,5,1997
L,13,3,1,6,1907
L,13,3,1,7,3054
L,13,3,1,8,3778
L,13,3,1,9,3145
L,13,3,1,10,2968
L,13,3,1,11,2954
L,13,3,1,12,3017
L,13,3,1,13,2420
L,13,3,1,14,2909
L,13,3,1,15,3599
L,13,3,2,1,1761
L,13,3,2,2,1909
L,13,3,2,3,2167
L,13,3,2,4,2115
L,13,3,2,5,2514
L,13,3,2,6,2448
L,13,3,2,7,3415
L,13,3,2,8,3953
L,13,3,2,9,3634
L,13,3,2,10,3497
L,13,3,2,11,3424
L,13,3,2,12,3374
L,13,3,2,13,2951
L,13,3,2,14,3283
L,13,3,2,15,3761
L,13,3,3,1,1862
L,13,3,3,2,1990
L,13,3,3,3,2187
L,13,3,3,4,2085
L,13,3,3,5,2369
L,13,3,3,6,2457
L,13,3,3,7,3284
L,13,3,3,8,3841
L,13,3,3,9,3493
L,13,3,3,10,3410
L,13,3,3,11,3389
L,13,3,3,12,3356
L,13,3,3,13,2888
L,13,3,3,14,3239
L,13,3,3,15,3647
L,13,3,4,1,2031
L,13,3,4,2,2085
L,13,3,4,3,2315
L,13,3,4,4,2232
L,13,3,4,5,2548
L,13,3,4,6,2460
L,13,3,4,7,3190
L,13,3,4,8,3688
L,13,3,4,9,3405
L,13,3,4,10,3302
L,13,3,4,11,3329
L,13,3,4,12,3276
L,13,3,4,13,2771
L,13,3,4,14,3185
L,13,3,4,15,3579
L,13,3,5,1,2031
L,13,3,5,2,2052
L,13,3,5,3,2297
L,13,3,5,4,2285
L,13,3,5,5,2524
L,13,3,5,6,2474
L,13,3,5,7,3244
L,13,3,5,8,3707
L,13,3,5,9,3356
L,13,3,5,10,3322
L,13,3,5,11,3347
L,13,3,5,12,3280
L,13,3,5,13,2648
L,13,3,5,14,3013
L,13,3,5,15,3481
L,13,3,6,1,2027
L,13,3,6,2,1864
L,13,3,6,3,2048
L,13,3,6,4,2048
L,13,3,6,5,2320
L,13,3,6,6,2284
L,13,3,6,7,3061
L,13,3,6,8,3560
L,13,3,6,9,3255
L,13,3,6,10,3204
L,13,3,6,11,3265
L,13,3,6,12,3186
L,13,3,6,13,2536
L,13,3,6,14,2821
L,13,3,6,15,3306
L,13,3,7,1,1971
L,13,3,7,2,1723
L,13,3,7,3,1948
L,13,3,7,4,1936
L,13,3,7,5,2219
L,13,3,7,6,2205
L,13,3,7,7,3180
L,13,3,7,8,3602
L,13,3,7,9,3225
L,13,3,7,10,3176
L,13,3,7,11,3209
L,13,3,7,12,3140
L,13,3,7,13,2644
L,13,3,7,14,3007
L,13,3,7,15,3473
L,13,3,8,1,1795
L,13,3,8,2,1671
L,13,3,8,3,1796
L,13,3,8,4,1811
L,13,3,8,5,2084
L,13,3,8,6,2060
L,13,3,8,7,3138
L,13,3,8,8,3602
L,13,3,8,9,3261
L,13,3,8,10,3206
L,13,3,8,11,3245
L,13,3,8,12,3169
L,13,3,8,13,2656
L,13,3,8,14,3030
L,13,3,8,15,3471
L,13,3,9,1,1668
L,13,3,9,2,1455
L,13,3,9,3,1634
L,13,3,9,4,1590
L,13,3,9,5,1920
L,13,3,9,6,1867
L,13,3,9,7,2856
L,13,3,9,8,3281
L,13,3,9,9,3008
L,13,3,9,10,2998
L,13,3,9,11,3161
L,13,3,9,12,2980
L,13,3,9,13,2429
L,13,3,9,14,2714
L,13,3,9,15,3164
L,13,3,10,1,1415
L,13,3,10,2,1155
L,13,3,10,3,1446
L,13,3,10,4,1428
L,13,3,10,5,1753
L,13,3,10,6,1732
L,13,3,10,7,2847
L,13,3,10,8,3288
L,13,3,10,9,3023
L,13,3,10,10,2972
L,13,3,10,11,3115
L,13,3,10,12,2934
L,13,3,10,13,2354
L,13,3,10,14,2625
L,13,3,10,15,3070
L,32 (-Q),1,1,1,1339
L,32 (-Q),1,1,2,1246
L,32 (-Q),1,1,3,1669
L,32 (-Q),1,1,4,1617
L,32 (-Q),1,1,5,1887
L,32 (-Q),1,1,6,1920
L,32 (-Q),1,1,7,2601
L,32 (-Q),1,1,8,3143
L,32 (-Q),1,1,9,2604
L,32 (-Q),1,1,10,2599
L,32 (-Q),1,1,11,2669
L,32 (-Q),1,1,12,2648
L,32 (-Q),1,1,13,2161
L,32 (-Q),1,1,14,2463
L,32 (-Q),1,1,15,2931
L,32 (-Q),1,2,1,1683
L,32 (-Q),1,2,2,1564
L,32 (-Q),1,2,3,1890
L,32 (-Q),1,2,4,1903
L,32 (-Q),1,2,5,2303
L,32 (-Q),1,2,6,2139
L,32 (-Q),1,2,7,2732
L,32 (-Q),1,2,8,3197
L,32 (-Q),1,2,9,2809
L,32 (-Q),1,2,10,2805
L,32 (-Q),1,2,11,2845
L,32 (-Q),1,2,12,2811
L,32 (-Q),1,2,13,2324
L,32 (-Q),1,2,14,2608
L,32 (-Q),1,2,15,2998
L,32 (-Q),1,3,1,1855
L,32 (-Q),1,3,2,1525
L,32 (-Q),1,3,3,1825
L,32 (-Q),1,3,4,1893
L,32 (-Q),1,3,5,2291
L,32 (-Q),1,3,6,2225
L,32 (-Q),1,3,7,2666
L,32 (-Q),1,3,8,3094
L,32 (-Q),1,3,9,2566
L,32 (-Q),1,3,10,2649
L,32 (-Q),1,3,11,2751
L,32 (-Q),1,3,12,2652
L,32 (-Q),1,3,13,2223
L,32 (-Q),1,3,14,2514
L,32 (-Q),1,3,15,2834
L,32 (-Q),1,4,1,2037
L,32 (-Q),1,4,2,1675
L,32 (-Q),1,4,3,1937
L,32 (-Q),1,4,4,1966
L,32 (-Q),1,4,5,2363
L,32 (-Q),1,4,6,2242
L,32 (-Q),1,4,7,2702
L,32 (-Q),1,4,8,3125
L,32 (-Q),1,4,9,2470
L,32 (-Q),1,4,10,2568
L,32 (-Q),1,4,11,2716
L,32 (-Q),1,4,12,2589
L,32 (-Q),1,4,13,2183
L,32 (-Q),1,4,14,2463
L,32 (-Q),1,4,15,2760
L,32 (-Q),1,5,1,1990
L,32 (-Q),1,5,2,1598
L,32 (-Q),1,5,3,1950
L,32 (-Q),1,5,4,2021
L,32 (-Q),1,5,5,2328
L,32 (-Q),1,5,6,2251
L,32 (-Q),1,5,7,2762
L,32 (-Q),1,5,8,3167
L,32 (-Q),1,5,9,2543
L,32 (-Q),1,5,10,2635
L,32 (-Q),1,5,11,2772
L,32 (-Q),1,5,12,2654
L,32 (-Q),1,5,13,2085
L,32 (-Q),1,5,14,2349
L,32 (-Q),1,5,15,2639
L,32 (-Q),1,6,1,1956
L,32 (-Q),1,6,2,1429
L,32 (-Q),1,6,3,1745
L,32 (-Q),1,6,4,1836
L,32 (-Q),1,6,5,2184
L,32 (-Q),1,6,6,2115
L,32 (-Q),1,6,7,2618
L,32 (-Q),1,6,8,2994
L,32 (-Q),1,6,9,2329
L,32 (-Q),1,6,10,2421
L,32 (-Q),1,6,11,2593
L,32 (-Q),1,6,12,2467
L,32 (-Q),1,6,13,1915
L,32 (-Q),1,6,14,2152
L,32 (-Q),1,6,15,2457
L,32 (-Q),1,7,1,1932
L,32 (-Q),1,7,2,1314
L,32 (-Q),1,7,3,1699
L,32 (-Q),1,7,4,1728
L,32 (-Q),1,7,5,2059
L,32 (-Q),1,7,6,2037
L,32 (-Q),1,7,7,2610
L,32 (-Q),1,7,8,2900
L,32 (-Q),1,7,9,2205
L,32 (-Q),1,7,10,2309
L,32 (-Q),1,7,11,2469
L,32 (-Q),1,7,12,2371
L,32 (-Q),1,7,13,1985
L,32 (-Q),1,7,14,2310
L,32 (-Q),1,7,15,2582
L,32 (-Q),1,8,1,1797
L,32 (-Q),1,8,2,1272
L,32 (-Q),1,8,3,1568
L,32 (-Q),1,8,4,1577
L,32 (-Q),1,8,5,1898
L,32 (-Q),1,8,6,1935
L,32 (-Q),1,8,7,2593
L,32 (-Q),1,8,8,2918
L,32 (-Q),1,8,9,2305
L,32 (-Q),1,8,10,2412
L,32 (-Q),1,8,11,2545
L,32 (-Q),1,8,12,2406
L,32 (-Q),1,8,13,1997
L,32 (-Q),1,8,14,2340
L,32 (-Q),1,8,15,2595
L,32 (-Q),1,9,1,1696
L,32 (-Q),1,9,2,1122
L,32 (-Q),1,9,3,1217
L,32 (-Q),1,9,4,1321
L,32 (-Q),1,9,5,1575
L,32 (-Q),1,9,6,1620
L,32 (-Q),1,9,7,2283
L,32 (-Q),1,9,8,2631
L,32 (-Q),1,9,9,1990
L,32 (-Q),1,9,10,1981
L,32 (-Q),1,9,11,2231
L,32 (-Q),1,9,12,2021
L,32 (-Q),1,9,13,1732
L,32 (-Q),1,9,14,2082
L,32 (-Q),1,9,15,2421
L,32 (-Q),1,10,1,1441
L,32 (-Q),1,10,2,889
L,32 (-Q),1,10,3,1085
L,32 (-Q),1,10,4,1241
L,32 (-Q),1,10,5,1494
L,32 (-Q),1,10,6,1543
L,32 (-Q),1,10,7,2291
L,32 (-Q),1,10,8,2591
L,32 (-Q),1,10,9,1921
L,32 (-Q),1,10,10,1919
L,32 (-Q),1,10,11,2168
L,32 (-Q),1,10,12,1943
L,32 (-Q),1,10,13,1631
L,32 (-Q),1,10,14,2006
L,32 (-Q),1,10,15,2333
L,32 (-Q),2,1,1,1561
L,32 (-Q),2,1,2,1538
L,32 (-Q),2,1,3,1861
L,32 (-Q),2,1,4,1753
L,32 (-Q),2,1,5,2004
L,32 (-Q),2,1,6,1913
L,32 (-Q),2,1,7,2597
L,32 (-Q),2,1,8,3192
L,32 (-Q),2,1,9,2453
L,32 (-Q),2,1,10,2463
L,32 (-Q),2,1,11,2460
L,32 (-Q),2,1,12,2425
L,32 (-Q),2,1,13,1993
L,32 (-Q),2,1,14,2338
L,32 (-Q),2,1,15,2899
L,32 (-Q),2,2,1,1974
L,32 (-Q),2,2,2,1833
L,32 (-Q),2,2,3,2153
L,32 (-Q),2,2,4,2131
L,32 (-Q),2,2,5,2484
L,32 (-Q),2,2,6,2203
L,32 (-Q),2,2,7,2815
L,32 (-Q),2,2,8,3315
L,32 (-Q),2,2,9,2736
L,32 (-Q),2,2,10,2725
L,32 (-Q),2,2,11,2703
L,32 (-Q),2,2,12,2642
L,32 (-Q),2,2,13,2227
L,32 (-Q),2,2,14,2507
L,32 (-Q),2,2,15,2944
L,32 (-Q),2,3,1,2153
L,32 (-Q),2,3,2,1751
L,32 (-Q),2,3,3,2071
L,32 (-Q),2,3,4,2046
L,32 (-Q),2,3,5,2390
L,32 (-Q),2,3,6,2197
L,32 (-Q),2,3,7,2697
L,32 (-Q),2,3,8,3119
L,32 (-Q),2,3,9,2463
L,32 (-Q),2,3,10,2539
L,32 (-Q),2,3,11,2541
L,32 (-Q),2,3,12,2431
L,32 (-Q),2,3,13,2059
L,32 (-Q),2,3,14,2359
L,32 (-Q),2,3,15,2762
L,32 (-Q),2,4,1,2292
L,32 (-Q),2,4,2,1851
L,32 (-Q),2,4,3,2226
L,32 (-Q),2,4,4,2189
L,32 (-Q),2,4,5,2466
L,32 (-Q),2,4,6,2155
L,32 (-Q),2,4,7,2679
L,32 (-Q),2,4,8,3099
L,32 (-Q),2,4,9,2343
L,32 (-Q),2,4,10,2405
L,32 (-Q),2,4,11,2463
L,32 (-Q),2,4,12,2340
L,32 (-Q),2,4,13,1961
L,32 (-Q),2,4,14,2308
L,32 (-Q),2,4,15,2655
L,32 (-Q),2,5,1,2289
L,32 (-Q),2,5,2,1856
L,32 (-Q),2,5,3,2229
L,32 (-Q),2,5,4,2250
L,32 (-Q),2,5,5,2427
L,32 (-Q),2,5,6,2182
L,32 (-Q),2,5,7,2756
L,32 (-Q),2,5,8,3163
L,32 (-Q),2,5,9,2416
L,32 (-Q),2,5,10,2464
L,32 (-Q),2,5,11,2508
L,32 (-Q),2,5,12,2380
L,32 (-Q),2,5,13,1905
L,32 (-Q),2,5,14,2236
L,32 (-Q),2,5,15,2559
L,32 (-Q),2,6,1,2239
L,32 (-Q),2,6,2,1586
L,32 (-Q),2,6,3,1940
L,32 (-Q),2,6,4,1969
L,32 (-Q),2,6,5,2204
L,32 (-Q),2,6,6,1986
L,32 (-Q),2,6,7,2475
L,32 (-Q),2,6,8,2943
L,32 (-Q),2,6,9,2207
L,32 (-Q),2,6,10,2226
L,32 (-Q),2,6,11,2309
L,32 (-Q),2,6,12,2174
L,32 (-Q),2,6,13,1672
L,32 (-Q),2,6,14,1976
L,32 (-Q),2,6,15,2300
L,32 (-Q),2,7,1,2130
L,32 (-Q),2,7,2,1446
L,32 (-Q),2,7,3,1847
L,32 (-Q),2,7,4,1849
L,32 (-Q),2,7,5,2028
L,32 (-Q),2,7,6,1907
L,32 (-Q),2,7,7,2421
L,32 (-Q),2,7,8,2768
L,32 (-Q),2,7,9,2070
L,32 (-Q),2,7,10,2092
L,32 (-Q),2,7,11,2155
L,32 (-Q),2,7,12,2038
L,32 (-Q),2,7,13,1710
L,32 (-Q),2,7,14,2094
L,32 (-Q),2,7,15,2403
L,32 (-Q),2,8,1,1928
L,32 (-Q),2,8,2,1395
L,32 (-Q),2,8,3,1704
L,32 (-Q),2,8,4,1675
L,32 (-Q),2,8,5,1857
L,32 (-Q),2,8,6,1809
L,32 (-Q),2,8,7,2385
L,32 (-Q),2,8,8,2762
L,32 (-Q),2,8,9,2099
L,32 (-Q),2,8,10,2159
L,32 (-Q),2,8,11,2216
L,32 (-Q),2,8,12,2050
L,32 (-Q),2,8,13,1695
L,32 (-Q),2,8,14,2093
L,32 (-Q),2,8,15,2383
L,32 (-Q),2,9,1,1821
L,32 (-Q),2,9,2,1247
L,32 (-Q),2,9,3,1353
L,32 (-Q),2,9,4,1386
L,32 (-Q),2,9,5,1555
L,32 (-Q),2,9,6,1487
L,32 (-Q),2,9,7,2131
L,32 (-Q),2,9,8,2439
L,32 (-Q),2,9,9,1771
L,32 (-Q),2,9,10,1752
L,32 (-Q),2,9,11,1835
L,32 (-Q),2,9,12,1733
L,32 (-Q),2,9,13,1468
L,32 (-Q),2,9,14,1806
L,32 (-Q),2,9,15,2121
L,32 (-Q),2,10,1,1569
L,32 (-Q),2,10,2,1015
L,32 (-Q),2,10,3,1189
L,32 (-Q),2,10,4,1294
L,32 (-Q),2,10,5,1427
L,32 (-Q),2,10,6,1400
L,32 (-Q),2,10,7,2120
L,32 (-Q),2,10,8,2418
L,32 (-Q),2,10,9,1752
L,32 (-Q),2,10,10,1755
L,32 (-Q),2,10,11,1875
L,32 (-Q),2,10,12,1710
L,32 (-Q),2,10,13,1443
L,32 (-Q),2,10,14,1713
L,32 (-Q),2,10,15,2033
L,32 (-Q),3,1,1,1416
L,32 (-Q),3,1,2,1614
L,32 (-Q),3,1,3,1726
L,32 (-Q),3,1,4,1736
L,32 (-Q),3,1,5,2089
L,32 (-Q),3,1,6,1986
L,32 (-Q),3,1,7,3023
L,32 (-Q),3,1,8,3826
L,32 (-Q),3,1,9,3114
L,32 (-Q),3,1,10,2997
L,32 (-Q),3,1,11,2964
L,32 (-Q),3,1,12,3000
L,32 (-Q),3,1,13,2524
L,32 (-Q),3,1,14,2999
L,32 (-Q),3,1,15,3576
L,32 (-Q),3,2,1,1781
L,32 (-Q),3,2,2,1838
L,32 (-Q),3,2,3,2049
L,32 (-Q),3,2,4,2158
L,32 (-Q),3,2,5,2552
L,32 (-Q),3,2,6,2445
L,32 (-Q),3,2,7,3374
L,32 (-Q),3,2,8,3986
L,32 (-Q),3,2,9,3609
L,32 (-Q),3,2,10,3475
L,32 (-Q),3,2,11,3399
L,32 (-Q),3,2,12,3361
L,32 (-Q),3,2,13,3015
L,32 (-Q),3,2,14,3367
L,32 (-Q),3,2,15,3732
L,32 (-Q),3,3,1,1858
L,32 (-Q),3,3,2,1932
L,32 (-Q),3,3,3,2124
L,32 (-Q),3,3,4,2161
L,32 (-Q),3,3,5,2429
L,32 (-Q),3,3,6,2503
L,32 (-Q),3,3,7,3290
L,32 (-Q),3,3,8,3860
L,32 (-Q),3,3,9,3459
L,32 (-Q),3,3,10,3398
L,32 (-Q),3,3,11,3375
L,32 (-Q),3,3,12,3359
L,32 (-Q),3,3,13,2977
L,32 (-Q),3,3,14,3315
L,32 (-Q),3,3,15,3662
L,32 (-Q),3,4,1,2015
L,32 (-Q),3,4,2,2048
L,32 (-Q),3,4,3,2223
L,32 (-Q),3,4,4,2290
L,32 (-Q),3,4,5,2585
L,32 (-Q),3,4,6,2505
L,32 (-Q),3,4,7,3188
L,32 (-Q),3,4,8,3727
L,32 (-Q),3,4,9,3337
L,32 (-Q),3,4,10,3272
L,32 (-Q),3,4,11,3313
L,32 (-Q),3,4,12,3264
L,32 (-Q),3,4,13,2859
L,32 (-Q),3,4,14,3248
L,32 (-Q),3,4,15,3579
L,32 (-Q),3,5,1,2024
L,32 (-Q),3,5,2,1983
L,32 (-Q),3,5,3,2212
L,32 (-Q),3,5,4,2347
L,32 (-Q),3,5,5,2601
L,32 (-Q),3,5,6,2539
L,32 (-Q),3,5,7,3257
L,32 (-Q),3,5,8,3770
L,32 (-Q),3,5,9,3330
L,32 (-Q),3,5,10,3296
L,32 (-Q),3,5,11,3332
L,32 (-Q),3,5,12,3266
L,32 (-Q),3,5,13,2757
L,32 (-Q),3,5,14,3141
L,32 (-Q),3,5,15,3493
L,32 (-Q),3,6,1,2106
L,32 (-Q),3,6,2,1833
L,32 (-Q),3,6,3,1996
L,32 (-Q),3,6,4,2147
L,32 (-Q),3,6,5,2414
L,32 (-Q),3,6,6,2347
L,32 (-Q),3,6,7,3090
L,32 (-Q),3,6,8,3595
L,32 (-Q),3,6,9,3228
L,32 (-Q),3,6,10,3192
L,32 (-Q),3,6,11,3254
L,32 (-Q),3,6,12,3187
L,32 (-Q),3,6,13,2652
L,32 (-Q),3,6,14,2959
L,32 (-Q),3,6,15,3308
L,32 (-Q),3,7,1,2033
L,32 (-Q),3,7,2,1657
L,32 (-Q),3,7,3,1871
L,32 (-Q),3,7,4,1978
L,32 (-Q),3,7,5,2240
L,32 (-Q),3,7,6,2234
L,32 (-Q),3,7,7,3075
L,32 (-Q),3,7,8,3577
L,32 (-Q),3,7,9,3178
L,32 (-Q),3,7,10,3129
L,32 (-Q),3,7,11,3180
L,32 (-Q),3,7,12,3110
L,32 (-Q),3,7,13,2700
L,32 (-Q),3,7,14,3093
L,32 (-Q),3,7,15,3439
L,32 (-Q),3,8,1,1869
L,32 (-Q),3,8,2,1582
L,32 (-Q),3,8,3,1710
L,32 (-Q),3,8,4,1816
L,32 (-Q),3,8,5,2096
L,32 (-Q),3,8,6,2129
L,32 (-Q),3,8,7,3060
L,32 (-Q),3,8,8,3556
L,32 (-Q),3,8,9,3215
L,32 (-Q),3,8,10,3167
L,32 (-Q),3,8,11,3214
L,32 (-Q),3,8,12,3154
L,32 (-Q),3,8,13,2715
L,32 (-Q),3,8,14,3091
L,32 (-Q),3,8,15,3421
L,32 (-Q),3,9,1,1745
L,32 (-Q),3,9,2,1365
L,32 (-Q),3,9,3,1515
L,32 (-Q),3,9,4,1554
L,32 (-Q),3,9,5,1886
L,32 (-Q),3,9,6,1860
L,32 (-Q),3,9,7,2760
L,32 (-Q),3,9,8,3202
L,32 (-Q),3,9,9,2920
L,32 (-Q),3,9,10,2914
L,32 (-Q),3,9,11,3049
L,32 (-Q),3,9,12,2923
L,32 (-Q),3,9,13,2451
L,32 (-Q),3,9,14,2785
L,32 (-Q),3,9,15,3159
L,32 (-Q),3,10,1,1518
L,32 (-Q),3,10,2,1117
L,32 (-Q),3,10,3,1320
L,32 (-Q),3,10,4,1415
L,32 (-Q),3,10,5,1747
L,32 (-Q),3,10,6,1731
L,32 (-Q),3,10,7,2762
L,32 (-Q),3,10,8,3200
L,32 (-Q),3,10,9,2953
L,32 (-Q),3,10,10,2970
L,32 (-Q),3,10,11,3071
L,32 (-Q),3,10,12,2920
L,32 (-Q),3,10,13,2428
L,32 (-Q),3,10,14,2718
L,32 (-Q),3,10,15,3076
R,11,1,1,1,2569
R,11,1,1,2,2612
R,11,1,1,3,2376
R,11,1,1,4,2463
R,11,1,1,5,2157
R,11,1,1,6,2143
R,11,1,1,7,1394
R,11,1,1,8,927
R,11,1,1,9,1372
R,11,1,1,10,1386
R,11,1,1,11,1317
R,11,1,1,12,1379
R,11,1,1,13,1744
R,11,1,1,14,1578
R,11,1,1,15,1156
R,11,1,2,1,2193
R,11,1,2,2,2359
R,11,1,2,3,2114
R,11,1,2,4,2248
R,11,1,2,5,1864
R,11,1,2,6,1969
R,11,1,2,7,1253
R,11,1,2,8,778
R,11,1,2,9,1125
R,11,1,2,10,1145
R,11,1,2,11,1118
R,11,1,2,12,1170
R,11,1,2,13,1553
R,11,1,2,14,1383
R,11,1,2,15,1052
R,11,1,3,1,2052
R,11,1,3,2,2337
R,11,1,3,3,2114
R,11,1,3,4,2221
R,11,1,3,5,1883
R,11,1,3,6,1961
R,11,1,3,7,1260
R,11,1,3,8,834
R,11,1,3,9,1223
R,11,1,3,10,1258
R,11,1,3,11,1226
R,11,1,3,12,1299
R,11,1,3,13,1707
R,11,1,3,14,1498
R,11,1,3,15,1179
R,11,1,4,1,1931
R,11,1,4,2,2223
R,11,1,4,3,1988
R,11,1,4,4,2123
R,11,1,4,5,1814
R,11,1,4,6,1905
R,11,1,4,7,1234
R,11,1,4,8,816
R,11,1,4,9,1315
R,11,1,4,10,1304
R,11,1,4,11,1232
R,11,1,4,12,1360
R,11,1,4,13,1724
R,11,1,4,14,1550
R,11,1,4,15,1268
R,11,1,5,1,1909
R,11,1,5,2,2216
R,11,1,5,3,1975
R,11,1,5,4,2098
R,11,1,5,5,1814
R,11,1,5,6,1901
R,11,1,5,7,1188
R,11,1,5,8,794
R,11,1,5,9,1241
R,11,1,5,10,1255
R,11,1,5,11,1208
R,11,1,5,12,1326
R,11,1,5,13,1771
R,11,1,5,14,1597
R,11,1,5,15,1300
R,11,1,6,1,1882
R,11,1,6,2,2374
R,11,1,6,3,2120
R,11,1,6,4,2226
R,11,1,6,5,1928
R,11,1,6,6,1973
R,11,1,6,7,1290
R,11,1,6,8,916
R,11,1,6,9,1420
R,11,1,6,10,1429
R,11,1,6,11,1339
R,11,1,6,12,1488
R,11,1,6,13,1946
R,11,1,6,14,1757
R,11,1,6,15,1503
R,11,1,7,1,1948
R,11,1,7,2,2534
R,11,1,7,3,2228
R,11,1,7,4,2337
R,11,1,7,5,2043
R,11,1,7,6,2059
R,11,1,7,7,1318
R,11,1,7,8,947
R,11,1,7,9,1456
R,11,1,7,10,1454
R,11,1,7,11,1389
R,11,1,7,12,1537
R,11,1,7,13,1815
R,11,1,7,14,1621
R,11,1,7,15,1415
R,11,1,8,1,2054
R,11,1,8,2,2613
R,11,1,8,3,2361
R,11,1,8,4,2479
R,11,1,8,5,2194
R,11,1,8,6,2190
R,11,1,8,7,1363
R,11,1,8,8,980
R,11,1,8,9,1408
R,11,1,8,10,1412
R,11,1,8,11,1355
R,11,1,8,12,1527
R,11,1,8,13,1854
R,11,1,8,14,1657
R,11,1,8,15,1447
R,11,1,9,1,2179
R,11,1,9,2,2754
R,11,1,9,3,2700
R,11,1,9,4,2751
R,11,1,9,5,2474
R,11,1,9,6,2454
R,11,1,9,7,1668
R,11,1,9,8,1167
R,11,1,9,9,1690
R,11,1,9,10,1693
R,11,1,9,11,1537
R,11,1,9,12,1775
R,11,1,9,13,2048
R,11,1,9,14,1828
R,11,1,9,15,1574
R,11,1,10,1,2353
R,11,1,10,2,2999
R,11,1,10,3,2819
R,11,1,10,4,2883
R,11,1,10,5,2565
R,11,1,10,6,2534
R,11,1,10,7,1622
R,11,1,10,8,1183
R,11,1,10,9,1759
R,11,1,10,10,1733
R,11,1,10,11,1568
R,11,1,10,12,1819
R,11,1,10,13,2129
R,11,1,10,14,1895
R,11,1,10,15,1633
R,11,2,1,1,2415
R,11,2,1,2,2505
R,11,2,1,3,2292
R,11,2,1,4,2480
R,11,2,1,5,2105
R,11,2,1,6,2176
R,11,2,1,7,1410
R,11,2,1,8,935
R,11,2,1,9,1598
R,11,2,1,10,1642
R,11,2,1,11,1644
R,11,2,1,12,1703
R,11,2,1,13,2089
R,11,2,1,14,1881
R,11,2,1,15,1395
R,11,2,2,1,1950
R,11,2,2,2,2188
R,11,2,2,3,1959
R,11,2,2,4,2166
R,11,2,2,5,1738
R,11,2,2,6,1941
R,11,2,2,7,1174
R,11,2,2,8,737
R,11,2,2,9,1224
R,11,2,2,10,1307
R,11,2,2,11,1334
R,11,2,2,12,1398
R,11,2,2,13,1751
R,11,2,2,14,1558
R,11,2,2,15,1200
R,11,2,3,1,1803
R,11,2,3,2,2193
R,11,2,3,3,1971
R,11,2,3,4,2175
R,11,2,3,5,1839
R,11,2,3,6,1969
R,11,2,3,7,1241
R,11,2,3,8,840
R,11,2,3,9,1375
R,11,2,3,10,1429
R,11,2,3,11,1457
R,11,2,3,12,1550
R,11,2,3,13,1888
R,11,2,3,14,1687
R,11,2,3,15,1378
R,11,2,4,1,1745
R,11,2,4,2,2126
R,11,2,4,3,1858
R,11,2,4,4,2069
R,11,2,4,5,1770
R,11,2,4,6,1976
R,11,2,4,7,1287
R,11,2,4,8,871
R,11,2,4,9,1498
R,11,2,4,10,1542
R,11,2,4,11,1534
R,11,2,4,12,1673
R,11,2,4,13,2007
R,11,2,4,14,1760
R,11,2,4,15,1492
R,11,2,5,1,1688
R,11,2,5,2,2091
R,11,2,5,3,1834
R,11,2,5,4,1996
R,11,2,5,5,1778
R,11,2,5,6,1927
R,11,2,5,7,1239
R,11,2,5,8,823
R,11,2,5,9,1423
R,11,2,5,10,1475
R,11,2,5,11,1491
R,11,2,5,12,1596
R,11,2,5,13,2049
R,11,2,5,14,1845
R,11,2,5,15,1535
R,11,2,6,1,1681
R,11,2,6,2,2277
R,11,2,6,3,2018
R,11,2,6,4,2176
R,11,2,6,5,1934
R,11,2,6,6,2088
R,11,2,6,7,1433
R,11,2,6,8,970
R,11,2,6,9,1598
R,11,2,6,10,1629
R,11,2,6,11,1637
R,11,2,6,12,1798
R,11,2,6,13,2263
R,11,2,6,14,2049
R,11,2,6,15,1751
R,11,2,7,1,1813
R,11,2,7,2,2468
R,11,2,7,3,2135
R,11,2,7,4,2332
R,11,2,7,5,2064
R,11,2,7,6,2186
R,11,2,7,7,1494
R,11,2,7,8,1080
R,11,2,7,9,1674
R,11,2,7,10,1722
R,11,2,7,11,1742
R,11,2,7,12,1875
R,11,2,7,13,2190
R,11,2,7,14,1939
R,11,2,7,15,1705
R,11,2,8,1,1986
R,11,2,8,2,2573
R,11,2,8,3,2313
R,11,2,8,4,2468
R,11,2,8,5,2227
R,11,2,8,6,2313
R,11,2,8,7,1578
R,11,2,8,8,1138
R,11,2,8,9,1661
R,11,2,8,10,1697
R,11,2,8,11,1726
R,11,2,8,12,1915
R,11,2,8,13,2253
R,11,2,8,14,2002
R,11,2,8,15,1751
R,11,2,9,1,2081
R,11,2,9,2,2712
R,11,2,9,3,2649
R,11,2,9,4,2758
R,11,2,9,5,2551
R,11,2,9,6,2591
R,11,2,9,7,1850
R,11,2,9,8,1387
R,11,2,9,9,2002
R,11,2,9,10,2047
R,11,2,9,11,1942
R,11,2,9,12,2139
R,11,2,9,13,2392
R,11,2,9,14,2229
R,11,2,9,15,1944
R,11,2,10,1,2297
R,11,2,10,2,2924
R,11,2,10,3,2797
R,11,2,10,4,2886
R,11,2,10,5,2669
R,11,2,10,6,2708
R,11,2,10,7,1836
R,11,2,10,8,1380
R,11,2,10,9,1990
R,11,2,10,10,1999
R,11,2,10,11,1908
R,11,2,10,12,2110
R,11,2,10,13,2401
R,11,2,10,14,2287
R,11,2,10,15,2008
R,11,3,1,1,2522
R,11,3,1,2,2328
R,11,3,1,3,2202
R,11,3,1,4,2337
R,11,3,1,5,1876
R,11,3,1,6,2007
R,11,3,1,7,967
R,11,3,1,8,222
R,11,3,1,9,914
R,11,3,1,10,1032
R,11,3,1,11,1017
R,11,3,1,12,1057
R,11,3,1,13,1547
R,11,3,1,14,1234
R,11,3,1,15,601
R,11,3,2,1,1965
R,11,3,2,2,2022
R,11,3,2,3,1876
R,11,3,2,4,1908
R,11,3,2,5,1423
R,11,3,2,6,1501
R,11,3,2,7,523
R,11,3,2,8,29
R,11,3,2,9,314
R,11,3,2,10,468
R,11,3,2,11,530
R,11,3,2,12,597
R,11,3,2,13,918
R,11,3,2,14,662
R,11,3,2,15,295
R,11,3,3,1,1915
R,11,3,3,2,1878
R,11,3,3,3,1761
R,11,3,3,4,1808
R,11,3,3,5,1482
R,11,3,3,6,1453
R,11,3,3,7,557
R,11,3,3,8,65
R,11,3,3,9,385
R,11,3,3,10,446
R,11,3,3,11,500
R,11,3,3,12,614
R,11,3,3,13,934
R,11,3,3,14,693
R,11,3,3,15,339
R,11,3,4,1,1840
R,11,3,4,2,1857
R,11,3,4,3,1659
R,11,3,4,4,1765
R,11,3,4,5,1395
R,11,3,4,6,1507
R,11,3,4,7,719
R,11,3,4,8,180
R,11,3,4,9,555
R,11,3,4,10,642
R,11,3,4,11,613
R,11,3,4,12,739
R,11,3,4,13,1051
R,11,3,4,14,799
R,11,3,4,15,444
R,11,3,5,1,1813
R,11,3,5,2,1870
R,11,3,5,3,1668
R,11,3,5,4,1726
R,11,3,5,5,1429
R,11,3,5,6,1504
R,11,3,5,7,650
R,11,3,5,8,141
R,11,3,5,9,533
R,11,3,5,10,617
R,11,3,5,11,603
R,11,3,5,12,743
R,11,3,5,13,1159
R,11,3,5,14,877
R,11,3,5,15,515
R,11,3,6,1,1720
R,11,3,6,2,2004
R,11,3,6,3,1813
R,11,3,6,4,1859
R,11,3,6,5,1562
R,11,3,6,6,1642
R,11,3,6,7,760
R,11,3,6,8,267
R,11,3,6,9,603
R,11,3,6,10,702
R,11,3,6,11,664
R,11,3,6,12,808
R,11,3,6,13,1256
R,11,3,6,14,1032
R,11,3,6,15,631
R,11,3,7,1,1813
R,11,3,7,2,2206
R,11,3,7,3,1976
R,11,3,7,4,2061
R,11,3,7,5,1739
R,11,3,7,6,1760
R,11,3,7,7,790
R,11,3,7,8,361
R,11,3,7,9,666
R,11,3,7,10,747
R,11,3,7,11,718
R,11,3,7,12,835
R,11,3,7,13,1221
R,11,3,7,14,968
R,11,3,7,15,604
R,11,3,8,1,1953
R,11,3,8,2,2305
R,11,3,8,3,2160
R,11,3,8,4,2234
R,11,3,8,5,1902
R,11,3,8,6,1931
R,11,3,8,7,859
R,11,3,8,8,424
R,11,3,8,9,676
R,11,3,8,10,756
R,11,3,8,11,736
R,11,3,8,12,846
R,11,3,8,13,1253
R,11,3,8,14,1037
R,11,3,8,15,656
R,11,3,9,1,2047
R,11,3,9,2,2463
R,11,3,9,3,2333
R,11,3,9,4,2417
R,11,3,9,5,2071
R,11,3,9,6,2168
R,11,3,9,7,1137
R,11,3,9,8,711
R,11,3,9,9,886
R,11,3,9,10,925
R,11,3,9,11,774
R,11,3,9,12,956
R,11,3,9,13,1401
R,11,3,9,14,1225
R,11,3,9,15,864
R,11,3,10,1,2200
R,11,3,10,2,2689
R,11,3,10,3,2445
R,11,3,10,4,2550
R,11,3,10,5,2170
R,11,3,10,6,2252
R,11,3,10,7,1131
R,11,3,10,8,717
R,11,3,10,9,856
R,11,3,10,10,879
R,11,3,10,11,762
R,11,3,10,12,950
R,11,3,10,13,1376
R,11,3,10,14,1243
R,11,3,10,15,893
R,12,1,1,1,2824
R,12,1,1,2,2997
R,12,1,1,3,2531
R,12,1,1,4,2443
R,12,1,1,5,2188
R,12,1,1,6,2203
R,12,1,1,7,1380
R,12,1,1,8,699
R,12,1,1,9,1500
R,12,1,1,10,1484
R,12,1,1,11,1352
R,12,1,1,12,1316
R,12,1,1,13,1808
R,12,1,1,14,1412
R,12,1,1,15,914
R,12,1,2,1,2375
R,12,1,2,2,2715
R,12,1,2,3,2288
R,12,1,2,4,2209
R,12,1,2,5,1850
R,12,1,2,6,2003
R,12,1,2,7,1308
R,12,1,2,8,790
R,12,1,2,9,1447
R,12,1,2,10,1380
R,12,1,2,11,1272
R,12,1,2,12,1226
R,12,1,2,13,1726
R,12,1,2,14,1357
R,12,1,2,15,939
R,12,1,3,1,2132
R,12,1,3,2,2643
R,12,1,3,3,2290
R,12,1,3,4,2138
R,12,1,3,5,1754
R,12,1,3,6,1919
R,12,1,3,7,1334
R,12,1,3,8,864
R,12,1,3,9,1638
R,12,1,3,10,1541
R,12,1,3,11,1356
R,12,1,3,12,1345
R,12,1,3,13,1795
R,12,1,3,14,1447
R,12,1,3,15,1068
R,12,1,4,1,1833
R,12,1,4,2,2456
R,12,1,4,3,2098
R,12,1,4,4,2018
R,12,1,4,5,1686
R,12,1,4,6,1873
R,12,1,4,7,1282
R,12,1,4,8,932
R,12,1,4,9,1682
R,12,1,4,10,1557
R,12,1,4,11,1374
R,12,1,4,12,1383
R,12,1,4,13,1831
R,12,1,4,14,1499
R,12,1,4,15,1164
R,12,1,5,1,1869
R,12,1,5,2,2433
R,12,1,5,3,2063
R,12,1,5,4,1939
R,12,1,5,5,1705
R,12,1,5,6,1837
R,12,1,5,7,1169
R,12,1,5,8,854
R,12,1,5,9,1560
R,12,1,5,10,1481
R,12,1,5,11,1288
R,12,1,5,12,1308
R,12,1,5,13,1895
R,12,1,5,14,1536
R,12,1,5,15,1221
R,12,1,6,1,1798
R,12,1,6,2,2543
R,12,1,6,3,2216
R,12,1,6,4,2056
R,12,1,6,5,1782
R,12,1,6,6,1913
R,12,1,6,7,1353
R,12,1,6,8,1066
R,12,1,6,9,1809
R,12,1,6,10,1735
R,12,1,6,11,1532
R,12,1,6,12,1538
R,12,1,6,13,2133
R,12,1,6,14,1808
R,12,1,6,15,1479
R,12,1,7,1,1778
R,12,1,7,2,2614
R,12,1,7,3,2243
R,12,1,7,4,2113
R,12,1,7,5,1897
R,12,1,7,6,2006
R,12,1,7,7,1429
R,12,1,7,8,1211
R,12,1,7,9,1922
R,12,1,7,10,1858
R,12,1,7,11,1646
R,12,1,7,12,1660
R,12,1,7,13,2076
R,12,1,7,14,1674
R,12,1,7,15,1386
R,12,1,8,1,1959
R,12,1,8,2,2707
R,12,1,8,3,2436
R,12,1,8,4,2304
R,12,1,8,5,2050
R,12,1,8,6,2126
R,12,1,8,7,1450
R,12,1,8,8,1207
R,12,1,8,9,1853
R,12,1,8,10,1789
R,12,1,8,11,1573
R,12,1,8,12,1646
R,12,1,8,13,2083
R,12,1,8,14,1692
R,12,1,8,15,1396
R,12,1,9,1,2100
R,12,1,9,2,2848
R,12,1,9,3,2800
R,12,1,9,4,2605
R,12,1,9,5,2431
R,12,1,9,6,2495
R,12,1,9,7,1846
R,12,1,9,8,1666
R,12,1,9,9,2260
R,12,1,9,10,2236
R,12,1,9,11,1995
R,12,1,9,12,2016
R,12,1,9,13,2342
R,12,1,9,14,1962
R,12,1,9,15,1610
R,12,1,10,1,2310
R,12,1,10,2,3100
R,12,1,10,3,2976
R,12,1,10,4,2707
R,12,1,10,5,2531
R,12,1,10,6,2579
R,12,1,10,7,1869
R,12,1,10,8,1666
R,12,1,10,9,2332
R,12,1,10,10,2293
R,12,1,10,11,2059
R,12,1,10,12,2110
R,12,1,10,13,2411
R,12,1,10,14,2018
R,12,1,10,15,1662
R,12,2,1,1,2537
R,12,2,1,2,2729
R,12,2,1,3,2279
R,12,2,1,4,2292
R,12,2,1,5,2094
R,12,2,1,6,2182
R,12,2,1,7,1415
R,12,2,1,8,638
R,12,2,1,9,1602
R,12,2,1,10,1630
R,12,2,1,11,1587
R,12,2,1,12,1534
R,12,2,1,13,1932
R,12,2,1,14,1495
R,12,2,1,15,935
R,12,2,2,1,2051
R,12,2,2,2,2421
R,12,2,2,3,1995
R,12,2,2,4,1985
R,12,2,2,5,1728
R,12,2,2,6,1973
R,12,2,2,7,1264
R,12,2,2,8,673
R,12,2,2,9,1464
R,12,2,2,10,1410
R,12,2,2,11,1411
R,12,2,2,12,1383
R,12,2,2,13,1830
R,12,2,2,14,1429
R,12,2,2,15,964
R,12,2,3,1,1801
R,12,2,3,2,2388
R,12,2,3,3,2040
R,12,2,3,4,1966
R,12,2,3,5,1680
R,12,2,3,6,1943
R,12,2,3,7,1294
R,12,2,3,8,793
R,12,2,3,9,1685
R,12,2,3,10,1595
R,12,2,3,11,1542
R,12,2,3,12,1550
R,12,2,3,13,1907
R,12,2,3,14,1521
R,12,2,3,15,1111
R,12,2,4,1,1588
R,12,2,4,2,2244
R,12,2,4,3,1866
R,12,2,4,4,1809
R,12,2,4,5,1604
R,12,2,4,6,1917
R,12,2,4,7,1284
R,12,2,4,8,925
R,12,2,4,9,1760
R,12,2,4,10,1673
R,12,2,4,11,1613
R,12,2,4,12,1597
R,12,2,4,13,1971
R,12,2,4,14,1567
R,12,2,4,15,1191
R,12,2,5,1,1551
R,12,2,5,2,2205
R,12,2,5,3,1816
R,12,2,5,4,1780
R,12,2,5,5,1584
R,12,2,5,6,1840
R,12,2,5,7,1189
R,12,2,5,8,818
R,12,2,5,9,1665
R,12,2,5,10,1592
R,12,2,5,11,1545
R,12,2,5,12,1544
R,12,2,5,13,2034
R,12,2,5,14,1595
R,12,2,5,15,1247
R,12,2,6,1,1469
R,12,2,6,2,2397
R,12,2,6,3,2041
R,12,2,6,4,1952
R,12,2,6,5,1781
R,12,2,6,6,1993
R,12,2,6,7,1493
R,12,2,6,8,1152
R,12,2,6,9,1949
R,12,2,6,10,1896
R,12,2,6,11,1835
R,12,2,6,12,1819
R,12,2,6,13,2359
R,12,2,6,14,1945
R,12,2,6,15,1590
R,12,2,7,1,1527
R,12,2,7,2,2530
R,12,2,7,3,2124
R,12,2,7,4,2053
R,12,2,7,5,1947
R,12,2,7,6,2113
R,12,2,7,7,1611
R,12,2,7,8,1350
R,12,2,7,9,2092
R,12,2,7,10,2072
R,12,2,7,11,2006
R,12,2,7,12,1961
R,12,2,7,13,2315
R,12,2,7,14,1874
R,12,2,7,15,1523
R,12,2,8,1,1749
R,12,2,8,2,2643
R,12,2,8,3,2325
R,12,2,8,4,2261
R,12,2,8,5,2127
R,12,2,8,6,2235
R,12,2,8,7,1653
R,12,2,8,8,1379
R,12,2,8,9,2073
R,12,2,8,10,2030
R,12,2,8,11,1960
R,12,2,8,12,1966
R,12,2,8,13,2357
R,12,2,8,14,1913
R,12,2,8,15,1584
R,12,2,9,1,1914
R,12,2,9,2,2766
R,12,2,9,3,2679
R,12,2,9,4,2554
R,12,2,9,5,2451
R,12,2,9,6,2545
R,12,2,9,7,1981
R,12,2,9,8,1795
R,12,2,9,9,2416
R,12,2,9,10,2420
R,12,2,9,11,2321
R,12,2,9,12,2297
R,12,2,9,13,2574
R,12,2,9,14,2218
R,12,2,9,15,1866
R,12,2,10,1,2112
R,12,2,10,2,2979
R,12,2,10,3,2881
R,12,2,10,4,2657
R,12,2,10,5,2608
R,12,2,10,6,2656
R,12,2,10,7,2031
R,12,2,10,8,1818
R,12,2,10,9,2411
R,12,2,10,10,2409
R,12,2,10,11,2326
R,12,2,10,12,2316
R,12,2,10,13,2574
R,12,2,10,14,2278
R,12,2,10,15,1958
R,12,3,1,1,2808
R,12,3,1,2,2759
R,12,3,1,3,2533
R,12,3,1,4,2542
R,12,3,1,5,2251
R,12,3,1,6,2285
R,12,3,1,7,1315
R,12,3,1,8,214
R,12,3,1,9,997
R,12,3,1,10,1034
R,12,3,1,11,977
R,12,3,1,12,970
R,12,3,1,13,1442
R,12,3,1,14,844
R,12,3,1,15,311
R,12,3,2,1,2383
R,12,3,2,2,2517
R,12,3,2,3,2324
R,12,3,2,4,2194
R,12,3,2,5,1863
R,12,3,2,6,1933
R,12,3,2,7,1035
R,12,3,2,8,220
R,12,3,2,9,753
R,12,3,2,10,808
R,12,3,2,11,826
R,12,3,2,12,815
R,12,3,2,13,1182
R,12,3,2,14,715
R,12,3,2,15,354
R,12,3,3,1,2238
R,12,3,3,2,2402
R,12,3,3,3,2201
R,12,3,3,4,2086
R,12,3,3,5,1829
R,12,3,3,6,1828
R,12,3,3,7,1057
R,12,3,3,8,459
R,12,3,3,9,867
R,12,3,3,10,847
R,12,3,3,11,789
R,12,3,3,12,805
R,12,3,3,13,1224
R,12,3,3,14,824
R,12,3,3,15,492
R,12,3,4,1,2020
R,12,3,4,2,2277
R,12,3,4,3,2088
R,12,3,4,4,1955
R,12,3,4,5,1693
R,12,3,4,6,1845
R,12,3,4,7,1034
R,12,3,4,8,532
R,12,3,4,9,1015
R,12,3,4,10,968
R,12,3,4,11,872
R,12,3,4,12,898
R,12,3,4,13,1319
R,12,3,4,14,880
R,12,3,4,15,573
R,12,3,5,1,2033
R,12,3,5,2,2306
R,12,3,5,3,2059
R,12,3,5,4,1919
R,12,3,5,5,1701
R,12,3,5,6,1770
R,12,3,5,7,995
R,12,3,5,8,540
R,12,3,5,9,1015
R,12,3,5,10,954
R,12,3,5,11,840
R,12,3,5,12,883
R,12,3,5,13,1429
R,12,3,5,14,981
R,12,3,5,15,667
R,12,3,6,1,1918
R,12,3,6,2,2443
R,12,3,6,3,2248
R,12,3,6,4,2095
R,12,3,6,5,1856
R,12,3,6,6,1924
R,12,3,6,7,1184
R,12,3,6,8,665
R,12,3,6,9,1150
R,12,3,6,10,1120
R,12,3,6,11,1014
R,12,3,6,12,1046
R,12,3,6,13,1607
R,12,3,6,14,1202
R,12,3,6,15,838
R,12,3,7,1,1948
R,12,3,7,2,2586
R,12,3,7,3,2378
R,12,3,7,4,2241
R,12,3,7,5,2044
R,12,3,7,6,2064
R,12,3,7,7,1252
R,12,3,7,8,779
R,12,3,7,9,1228
R,12,3,7,10,1204
R,12,3,7,11,1101
R,12,3,7,12,1133
R,12,3,7,13,1572
R,12,3,7,14,1092
R,12,3,7,15,707
R,12,3,8,1,2129
R,12,3,8,2,2702
R,12,3,8,3,2553
R,12,3,8,4,2396
R,12,3,8,5,2202
R,12,3,8,6,2194
R,12,3,8,7,1300
R,12,3,8,8,801
R,12,3,8,9,1247
R,12,3,8,10,1211
R,12,3,8,11,1111
R,12,3,8,12,1141
R,12,3,8,13,1597
R,12,3,8,14,1131
R,12,3,8,15,745
R,12,3,9,1,2265
R,12,3,9,2,2853
R,12,3,9,3,2697
R,12,3,9,4,2566
R,12,3,9,5,2329
R,12,3,9,6,2378
R,12,3,9,7,1584
R,12,3,9,8,1128
R,12,3,9,9,1537
R,12,3,9,10,1499
R,12,3,9,11,1327
R,12,3,9,12,1321
R,12,3,9,13,1810
R,12,3,9,14,1438
R,12,3,9,15,1003
R,12,3,10,1,2471
R,12,3,10,2,3050
R,12,3,10,3,2857
R,12,3,10,4,2701
R,12,3,10,5,2476
R,12,3,10,6,2481
R,12,3,10,7,1585
R,12,3,10,8,1125
R,12,3,10,9,1472
R,12,3,10,10,1459
R,12,3,10,11,1320
R,12,3,10,12,1299
R,12,3,10,13,1811
R,12,3,10,14,1481
R,12,3,10,15,1054
R,13,1,1,1,2631
R,13,1,1,2,2596
R,13,1,1,3,2195
R,13,1,1,4,2430
R,13,1,1,5,2108
R,13,1,1,6,2085
R,13,1,1,7,1421
R,13,1,1,8,908
R,13,1,1,9,1395
R,13,1,1,10,1405
R,13,1,1,11,1348
R,13,1,1,12,1379
R,13,1,1,13,1941
R,13,1,1,14,1629
R,13,1,1,15,1060
R,13,1,2,1,2295
R,13,1,2,2,2312
R,13,1,2,3,1955
R,13,1,2,4,2080
R,13,1,2,5,1703
R,13,1,2,6,1826
R,13,1,2,7,1271
R,13,1,2,8,865
R,13,1,2,9,1166
R,13,1,2,10,1177
R,13,1,2,11,1183
R,13,1,2,12,1236
R,13,1,2,13,1801
R,13,1,2,14,1477
R,13,1,2,15,1002
R,13,1,3,1,2111
R,13,1,3,2,2385
R,13,1,3,3,2050
R,13,1,3,4,2123
R,13,1,3,5,1701
R,13,1,3,6,1768
R,13,1,3,7,1353
R,13,1,3,8,962
R,13,1,3,9,1394
R,13,1,3,10,1383
R,13,1,3,11,1312
R,13,1,3,12,1391
R,13,1,3,13,1929
R,13,1,3,14,1594
R,13,1,3,15,1152
R,13,1,4,1,1890
R,13,1,4,2,2234
R,13,1,4,3,1901
R,13,1,4,4,2009
R,13,1,4,5,1631
R,13,1,4,6,1735
R,13,1,4,7,1308
R,13,1,4,8,891
R,13,1,4,9,1485
R,13,1,4,10,1433
R,13,1,4,11,1337
R,13,1,4,12,1453
R,13,1,4,13,1966
R,13,1,4,14,1652
R,13,1,4,15,1241
R,13,1,5,1,1973
R,13,1,5,2,2312
R,13,1,5,3,1912
R,13,1,5,4,1995
R,13,1,5,5,1696
R,13,1,5,6,1747
R,13,1,5,7,1276
R,13,1,5,8,875
R,13,1,5,9,1453
R,13,1,5,10,1397
R,13,1,5,11,1290
R,13,1,5,12,1408
R,13,1,5,13,2054
R,13,1,5,14,1770
R,13,1,5,15,1433
R,13,1,6,1,2058
R,13,1,6,2,2521
R,13,1,6,3,2155
R,13,1,6,4,2219
R,13,1,6,5,1839
R,13,1,6,6,1890
R,13,1,6,7,1414
R,13,1,6,8,1083
R,13,1,6,9,1699
R,13,1,6,10,1629
R,13,1,6,11,1471
R,13,1,6,12,1598
R,13,1,6,13,2242
R,13,1,6,14,1969
R,13,1,6,15,1615
R,13,1,7,1,2122
R,13,1,7,2,2620
R,13,1,7,3,2210
R,13,1,7,4,2235
R,13,1,7,5,1912
R,13,1,7,6,1953
R,13,1,7,7,1376
R,13,1,7,8,1124
R,13,1,7,9,1819
R,13,1,7,10,1730
R,13,1,7,11,1595
R,13,1,7,12,1703
R,13,1,7,13,2147
R,13,1,7,14,1782
R,13,1,7,15,1470
R,13,1,8,1,2254
R,13,1,8,2,2694
R,13,1,8,3,2364
R,13,1,8,4,2410
R,13,1,8,5,2089
R,13,1,8,6,2092
R,13,1,8,7,1382
R,13,1,8,8,1122
R,13,1,8,9,1718
R,13,1,8,10,1618
R,13,1,8,11,1516
R,13,1,8,12,1674
R,13,1,8,13,2118
R,13,1,8,14,1754
R,13,1,8,15,1447
R,13,1,9,1,2367
R,13,1,9,2,2828
R,13,1,9,3,2714
R,13,1,9,4,2642
R,13,1,9,5,2382
R,13,1,9,6,2384
R,13,1,9,7,1678
R,13,1,9,8,1376
R,13,1,9,9,1949
R,13,1,9,10,2027
R,13,1,9,11,1796
R,13,1,9,12,2006
R,13,1,9,13,2344
R,13,1,9,14,1988
R,13,1,9,15,1618
R,13,1,10,1,2628
R,13,1,10,2,3090
R,13,1,10,3,2862
R,13,1,10,4,2744
R,13,1,10,5,2481
R,13,1,10,6,2462
R,13,1,10,7,1672
R,13,1,10,8,1409
R,13,1,10,9,2039
R,13,1,10,10,2095
R,13,1,10,11,1897
R,13,1,10,12,2094
R,13,1,10,13,2448
R,13,1,10,14,2078
R,13,1,10,15,1734
R,13,2,1,1,2485
R,13,2,1,2,2401
R,13,2,1,3,2013
R,13,2,1,4,2338
R,13,2,1,5,2121
R,13,2,1,6,2186
R,13,2,1,7,1488
R,13,2,1,8,976
R,13,2,1,9,1504
R,13,2,1,10,1500
R,13,2,1,11,1495
R,13,2,1,12,1513
R,13,2,1,13,2003
R,13,2,1,14,1757
R,13,2,1,15,1121
R,13,2,2,1,2130
R,13,2,2,2,2148
R,13,2,2,3,1770
R,13,2,2,4,1973
R,13,2,2,5,1682
R,13,2,2,6,1903
R,13,2,2,7,1252
R,13,2,2,8,826
R,13,2,2,9,1218
R,13,2,2,10,1247
R,13,2,2,11,1269
R,13,2,2,12,1325
R,13,2,2,13,1813
R,13,2,2,14,1562
R,13,2,2,15,1064
R,13,2,3,1,1948
R,13,2,3,2,2243
R,13,2,3,3,1920
R,13,2,3,4,2102
R,13,2,3,5,1769
R,13,2,3,6,1909
R,13,2,3,7,1396
R,13,2,3,8,1026
R,13,2,3,9,1440
R,13,2,3,10,1437
R,13,2,3,11,1433
R,13,2,3,12,1516
R,13,2,3,13,1995
R,13,2,3,14,1739
R,13,2,3,15,1269
R,13,2,4,1,1739
R,13,2,4,2,2135
R,13,2,4,3,1743
R,13,2,4,4,1962
R,13,2,4,5,1646
R,13,2,4,6,1943
R,13,2,4,7,1407
R,13,2,4,8,1021
R,13,2,4,9,1594
R,13,2,4,10,1571
R,13,2,4,11,1511
R,13,2,4,12,1626
R,13,2,4,13,2083
R,13,2,4,14,1801
R,13,2,4,15,1373
R,13,2,5,1,1785
R,13,2,5,2,2159
R,13,2,5,3,1746
R,13,2,5,4,1903
R,13,2,5,5,1676
R,13,2,5,6,1890
R,13,2,5,7,1353
R,13,2,5,8,973
R,13,2,5,9,1543
R,13,2,5,10,1521
R,13,2,5,11,1493
R,13,2,5,12,1611
R,13,2,5,13,2165
R,13,2,5,14,1896
R,13,2,5,15,1490
R,13,2,6,1,1877
R,13,2,6,2,2429
R,13,2,6,3,2046
R,13,2,6,4,2175
R,13,2,6,5,1934
R,13,2,6,6,2116
R,13,2,6,7,1640
R,13,2,6,8,1236
R,13,2,6,9,1762
R,13,2,6,10,1754
R,13,2,6,11,1687
R,13,2,6,12,1811
R,13,2,6,13,2412
R,13,2,6,14,2165
R,13,2,6,15,1793
R,13,2,7,1,1977
R,13,2,7,2,2568
R,13,2,7,3,2102
R,13,2,7,4,2206
R,13,2,7,5,2012
R,13,2,7,6,2179
R,13,2,7,7,1627
R,13,2,7,8,1306
R,13,2,7,9,1908
R,13,2,7,10,1901
R,13,2,7,11,1842
R,13,2,7,12,1967
R,13,2,7,13,2367
R,13,2,7,14,2026
R,13,2,7,15,1678
R,13,2,8,1,2176
R,13,2,8,2,2627
R,13,2,8,3,2277
R,13,2,8,4,2418
R,13,2,8,5,2189
R,13,2,8,6,2281
R,13,2,8,7,1674
R,13,2,8,8,1318
R,13,2,8,9,1835
R,13,2,8,10,1837
R,13,2,8,11,1798
R,13,2,8,12,1975
R,13,2,8,13,2367
R,13,2,8,14,2035
R,13,2,8,15,1681
R,13,2,9,1,2325
R,13,2,9,2,2731
R,13,2,9,3,2626
R,13,2,9,4,2660
R,13,2,9,5,2534
R,13,2,9,6,2590
R,13,2,9,7,1898
R,13,2,9,8,1628
R,13,2,9,9,2165
R,13,2,9,10,2246
R,13,2,9,11,2153
R,13,2,9,12,2262
R,13,2,9,13,2555
R,13,2,9,14,2279
R,13,2,9,15,1974
R,13,2,10,1,2582
R,13,2,10,2,2984
R,13,2,10,3,2801
R,13,2,10,4,2747
R,13,2,10,5,2666
R,13,2,10,6,2700
R,13,2,10,7,1899
R,13,2,10,8,1650
R,13,2,10,9,2267
R,13,2,10,10,2326
R,13,2,10,11,2227
R,13,2,10,12,2354
R,13,2,10,13,2639
R,13,2,10,14,2379
R,13,2,10,15,2075
R,13,3,1,1,2606
R,13,3,1,2,2293
R,13,3,1,3,2148
R,13,3,1,4,2354
R,13,3,1,5,2007
R,13,3,1,6,2121
R,13,3,1,7,975
R,13,3,1,8,254
R,13,3,1,9,887
R,13,3,1,10,1025
R,13,3,1,11,1015
R,13,3,1,12,982
R,13,3,1,13,1598
R,13,3,1,14,1123
R,13,3,1,15,433
R,13,3,2,1,2263
R,13,3,2,2,2119
R,13,3,2,3,1864
R,13,3,2,4,1917
R,13,3,2,5,1518
R,13,3,2,6,1584
R,13,3,2,7,617
R,13,3,2,8,79
R,13,3,2,9,398
R,13,3,2,10,535
R,13,3,2,11,608
R,13,3,2,12,658
R,13,3,2,13,1081
R,13,3,2,14,749
R,13,3,2,15,271
R,13,3,3,1,2162
R,13,3,3,2,2036
R,13,3,3,3,1845
R,13,3,3,4,1947
R,13,3,3,5,1663
R,13,3,3,6,1575
R,13,3,3,7,748
R,13,3,3,8,191
R,13,3,3,9,539
R,13,3,3,10,622
R,13,3,3,11,643
R,13,3,3,12,676
R,13,3,3,13,1144
R,13,3,3,14,793
R,13,3,3,15,385
R,13,3,4,1,1993
R,13,3,4,2,1939
R,13,3,4,3,1717
R,13,3,4,4,1800
R,13,3,4,5,1484
R,13,3,4,6,1572
R,13,3,4,7,842
R,13,3,4,8,344
R,13,3,4,9,627
R,13,3,4,10,730
R,13,3,4,11,703
R,13,3,4,12,756
R,13,3,4,13,1261
R,13,3,4,14,847
R,13,3,4,15,453
R,13,3,5,1,1999
R,13,3,5,2,1980
R,13,3,5,3,1735
R,13,3,5,4,1747
R,13,3,5,5,1508
R,13,3,5,6,1558
R,13,3,5,7,788
R,13,3,5,8,325
R,13,3,5,9,676
R,13,3,5,10,710
R,13,3,5,11,685
R,13,3,5,12,752
R,13,3,5,13,1384
R,13,3,5,14,1019
R,13,3,5,15,551
R,13,3,6,1,1997
R,13,3,6,2,2160
R,13,3,6,3,1984
R,13,3,6,4,1984
R,13,3,6,5,1712
R,13,3,6,6,1748
R,13,3,6,7,971
R,13,3,6,8,472
R,13,3,6,9,777
R,13,3,6,10,828
R,13,3,6,11,767
R,13,3,6,12,846
R,13,3,6,13,1496
R,13,3,6,14,1211
R,13,3,6,15,726
R,13,3,7,1,2053
R,13,3,7,2,2301
R,13,3,7,3,2084
R,13,3,7,4,2096
R,13,3,7,5,1813
R,13,3,7,6,1827
R,13,3,7,7,852
R,13,3,7,8,430
R,13,3,7,9,807
R,13,3,7,10,856
R,13,3,7,11,823
R,13,3,7,12,892
R,13,3,7,13,1388
R,13,3,7,14,1025
R,13,3,7,15,559
R,13,3,8,1,2221
R,13,3,8,2,2353
R,13,3,8,3,2228
R,13,3,8,4,2217
R,13,3,8,5,1942
R,13,3,8,6,1972
R,13,3,8,7,894
R,13,3,8,8,430
R,13,3,8,9,771
R,13,3,8,10,826
R,13,3,8,11,787
R,13,3,8,12,863
R,13,3,8,13,1376
R,13,3,8,14,1002
R,13,3,8,15,561
R,13,3,9,1,2344
R,13,3,9,2,2559
R,13,3,9,3,2382
R,13,3,9,4,2430
R,13,3,9,5,2102
R,13,3,9,6,2165
R,13,3,9,7,1176
R,13,3,9,8,751
R,13,3,9,9,1024
R,13,3,9,10,1034
R,13,3,9,11,871
R,13,3,9,12,1052
R,13,3,9,13,1603
R,13,3,9,14,1318
R,13,3,9,15,868
R,13,3,10,1,2587
R,13,3,10,2,2859
R,13,3,10,3,2570
R,13,3,10,4,2594
R,13,3,10,5,2267
R,13,3,10,6,2300
R,13,3,10,7,1185
R,13,3,10,8,744
R,13,3,10,9,1009
R,13,3,10,10,1060
R,13,3,10,11,917
R,13,3,10,12,1098
R,13,3,10,13,1678
R,13,3,10,14,1407
R,13,3,10,15,962
R,32 (-Q),1,1,1,2693
R,32 (-Q),1,1,2,2786
R,32 (-Q),1,1,3,2363
R,32 (-Q),1,1,4,2415
R,32 (-Q),1,1,5,2145
R,32 (-Q),1,1,6,2112
R,32 (-Q),1,1,7,1431
R,32 (-Q),1,1,8,889
R,32 (-Q),1,1,9,1428
R,32 (-Q),1,1,10,1433
R,32 (-Q),1,1,11,1363
R,32 (-Q),1,1,12,1384
R,32 (-Q),1,1,13,1871
R,32 (-Q),1,1,14,1569
R,32 (-Q),1,1,15,1101
R,32 (-Q),1,2,1,2349
R,32 (-Q),1,2,2,2468
R,32 (-Q),1,2,3,2142
R,32 (-Q),1,2,4,2129
R,32 (-Q),1,2,5,1729
R,32 (-Q),1,2,6,1893
R,32 (-Q),1,2,7,1300
R,32 (-Q),1,2,8,835
R,32 (-Q),1,2,9,1223
R,32 (-Q),1,2,10,1227
R,32 (-Q),1,2,11,1187
R,32 (-Q),1,2,12,1221
R,32 (-Q),1,2,13,1708
R,32 (-Q),1,2,14,1424
R,32 (-Q),1,2,15,1034
R,32 (-Q),1,3,1,2177
R,32 (-Q),1,3,2,2507
R,32 (-Q),1,3,3,2207
R,32 (-Q),1,3,4,2139
R,32 (-Q),1,3,5,1741
R,32 (-Q),1,3,6,1807
R,32 (-Q),1,3,7,1366
R,32 (-Q),1,3,8,938
R,32 (-Q),1,3,9,1466
R,32 (-Q),1,3,10,1383
R,32 (-Q),1,3,11,1281
R,32 (-Q),1,3,12,1380
R,32 (-Q),1,3,13,1809
R,32 (-Q),1,3,14,1518
R,32 (-Q),1,3,15,1198
R,32 (-Q),1,4,1,1995
R,32 (-Q),1,4,2,2357
R,32 (-Q),1,4,3,2095
R,32 (-Q),1,4,4,2066
R,32 (-Q),1,4,5,1669
R,32 (-Q),1,4,6,1790
R,32 (-Q),1,4,7,1330
R,32 (-Q),1,4,8,907
R,32 (-Q),1,4,9,1562
R,32 (-Q),1,4,10,1464
R,32 (-Q),1,4,11,1316
R,32 (-Q),1,4,12,1443
R,32 (-Q),1,4,13,1849
R,32 (-Q),1,4,14,1569
R,32 (-Q),1,4,15,1272
R,32 (-Q),1,5,1,2042
R,32 (-Q),1,5,2,2434
R,32 (-Q),1,5,3,2082
R,32 (-Q),1,5,4,2011
R,32 (-Q),1,5,5,1704
R,32 (-Q),1,5,6,1781
R,32 (-Q),1,5,7,1270
R,32 (-Q),1,5,8,865
R,32 (-Q),1,5,9,1489
R,32 (-Q),1,5,10,1397
R,32 (-Q),1,5,11,1260
R,32 (-Q),1,5,12,1378
R,32 (-Q),1,5,13,1947
R,32 (-Q),1,5,14,1683
R,32 (-Q),1,5,15,1393
R,32 (-Q),1,6,1,2076
R,32 (-Q),1,6,2,2603
R,32 (-Q),1,6,3,2287
R,32 (-Q),1,6,4,2196
R,32 (-Q),1,6,5,1848
R,32 (-Q),1,6,6,1917
R,32 (-Q),1,6,7,1414
R,32 (-Q),1,6,8,1038
R,32 (-Q),1,6,9,1703
R,32 (-Q),1,6,10,1611
R,32 (-Q),1,6,11,1439
R,32 (-Q),1,6,12,1565
R,32 (-Q),1,6,13,2117
R,32 (-Q),1,6,14,1880
R,32 (-Q),1,6,15,1575
R,32 (-Q),1,7,1,2100
R,32 (-Q),1,7,2,2718
R,32 (-Q),1,7,3,2333
R,32 (-Q),1,7,4,2304
R,32 (-Q),1,7,5,1973
R,32 (-Q),1,7,6,1995
R,32 (-Q),1,7,7,1422
R,32 (-Q),1,7,8,1132
R,32 (-Q),1,7,9,1827
R,32 (-Q),1,7,10,1723
R,32 (-Q),1,7,11,1563
R,32 (-Q),1,7,12,1661
R,32 (-Q),1,7,13,2047
R,32 (-Q),1,7,14,1722
R,32 (-Q),1,7,15,1450
R,32 (-Q),1,8,1,2235
R,32 (-Q),1,8,2,2760
R,32 (-Q),1,8,3,2464
R,32 (-Q),1,8,4,2455
R,32 (-Q),1,8,5,2134
R,32 (-Q),1,8,6,2097
R,32 (-Q),1,8,7,1439
R,32 (-Q),1,8,8,1114
R,32 (-Q),1,8,9,1727
R,32 (-Q),1,8,10,1620
R,32 (-Q),1,8,11,1487
R,32 (-Q),1,8,12,1626
R,32 (-Q),1,8,13,2035
R,32 (-Q),1,8,14,1692
R,32 (-Q),1,8,15,1437
R,32 (-Q),1,9,1,2336
R,32 (-Q),1,9,2,2910
R,32 (-Q),1,9,3,2815
R,32 (-Q),1,9,4,2711
R,32 (-Q),1,9,5,2457
R,32 (-Q),1,9,6,2412
R,32 (-Q),1,9,7,1749
R,32 (-Q),1,9,8,1401
R,32 (-Q),1,9,9,2042
R,32 (-Q),1,9,10,2051
R,32 (-Q),1,9,11,1801
R,32 (-Q),1,9,12,2011
R,32 (-Q),1,9,13,2300
R,32 (-Q),1,9,14,1950
R,32 (-Q),1,9,15,1611
R,32 (-Q),1,10,1,2591
R,32 (-Q),1,10,2,3143
R,32 (-Q),1,10,3,2947
R,32 (-Q),1,10,4,2791
R,32 (-Q),1,10,5,2538
R,32 (-Q),1,10,6,2489
R,32 (-Q),1,10,7,1741
R,32 (-Q),1,10,8,1441
R,32 (-Q),1,10,9,2111
R,32 (-Q),1,10,10,2113
R,32 (-Q),1,10,11,1864
R,32 (-Q),1,10,12,2089
R,32 (-Q),1,10,13,2401
R,32 (-Q),1,10,14,2026
R,32 (-Q),1,10,15,1699
R,32 (-Q),2,1,1,2471
R,32 (-Q),2,1,2,2494
R,32 (-Q),2,1,3,2171
R,32 (-Q),2,1,4,2279
R,32 (-Q),2,1,5,2028
R,32 (-Q),2,1,6,2119
R,32 (-Q),2,1,7,1435
R,32 (-Q),2,1,8,840
R,32 (-Q),2,1,9,1579
R,32 (-Q),2,1,10,1569
R,32 (-Q),2,1,11,1572
R,32 (-Q),2,1,12,1607
R,32 (-Q),2,1,13,2039
R,32 (-Q),2,1,14,1694
R,32 (-Q),2,1,15,1133
R,32 (-Q),2,2,1,2058
R,32 (-Q),2,2,2,2199
R,32 (-Q),2,2,3,1879
R,32 (-Q),2,2,4,1901
R,32 (-Q),2,2,5,1548
R,32 (-Q),2,2,6,1829
R,32 (-Q),2,2,7,1217
R,32 (-Q),2,2,8,717
R,32 (-Q),2,2,9,1296
R,32 (-Q),2,2,10,1307
R,32 (-Q),2,2,11,1329
R,32 (-Q),2,2,12,1390
R,32 (-Q),2,2,13,1805
R,32 (-Q),2,2,14,1525
R,32 (-Q),2,2,15,1088
R,32 (-Q),2,3,1,1879
R,32 (-Q),2,3,2,2281
R,32 (-Q),2,3,3,1961
R,32 (-Q),2,3,4,1986
R,32 (-Q),2,3,5,1642
R,32 (-Q),2,3,6,1835
R,32 (-Q),2,3,7,1335
R,32 (-Q),2,3,8,913
R,32 (-Q),2,3,9,1569
R,32 (-Q),2,3,10,1493
R,32 (-Q),2,3,11,1491
R,32 (-Q),2,3,12,1601
R,32 (-Q),2,3,13,1973
R,32 (-Q),2,3,14,1673
R,32 (-Q),2,3,15,1270
R,32 (-Q),2,4,1,1740
R,32 (-Q),2,4,2,2181
R,32 (-Q),2,4,3,1806
R,32 (-Q),2,4,4,1843
R,32 (-Q),2,4,5,1566
R,32 (-Q),2,4,6,1877
R,32 (-Q),2,4,7,1353
R,32 (-Q),2,4,8,933
R,32 (-Q),2,4,9,1689
R,32 (-Q),2,4,10,1627
R,32 (-Q),2,4,11,1569
R,32 (-Q),2,4,12,1692
R,32 (-Q),2,4,13,2071
R,32 (-Q),2,4,14,1724
R,32 (-Q),2,4,15,1377
R,32 (-Q),2,5,1,1743
R,32 (-Q),2,5,2,2176
R,32 (-Q),2,5,3,1803
R,32 (-Q),2,5,4,1782
R,32 (-Q),2,5,5,1605
R,32 (-Q),2,5,6,1850
R,32 (-Q),2,5,7,1276
R,32 (-Q),2,5,8,869
R,32 (-Q),2,5,9,1616
R,32 (-Q),2,5,10,1568
R,32 (-Q),2,5,11,1524
R,32 (-Q),2,5,12,1652
R,32 (-Q),2,5,13,2127
R,32 (-Q),2,5,14,1796
R,32 (-Q),2,5,15,1473
R,32 (-Q),2,6,1,1793
R,32 (-Q),2,6,2,2446
R,32 (-Q),2,6,3,2092
R,32 (-Q),2,6,4,2063
R,32 (-Q),2,6,5,1828
R,32 (-Q),2,6,6,2046
R,32 (-Q),2,6,7,1557
R,32 (-Q),2,6,8,1089
R,32 (-Q),2,6,9,1825
R,32 (-Q),2,6,10,1806
R,32 (-Q),2,6,11,1723
R,32 (-Q),2,6,12,1858
R,32 (-Q),2,6,13,2360
R,32 (-Q),2,6,14,2056
R,32 (-Q),2,6,15,1732
R,32 (-Q),2,7,1,1902
R,32 (-Q),2,7,2,2586
R,32 (-Q),2,7,3,2185
R,32 (-Q),2,7,4,2183
R,32 (-Q),2,7,5,2004
R,32 (-Q),2,7,6,2125
R,32 (-Q),2,7,7,1611
R,32 (-Q),2,7,8,1264
R,32 (-Q),2,7,9,1962
R,32 (-Q),2,7,10,1940
R,32 (-Q),2,7,11,1877
R,32 (-Q),2,7,12,1994
R,32 (-Q),2,7,13,2322
R,32 (-Q),2,7,14,1938
R,32 (-Q),2,7,15,1629
R,32 (-Q),2,8,1,2104
R,32 (-Q),2,8,2,2637
R,32 (-Q),2,8,3,2328
R,32 (-Q),2,8,4,2357
R,32 (-Q),2,8,5,2175
R,32 (-Q),2,8,6,2223
R,32 (-Q),2,8,7,1647
R,32 (-Q),2,8,8,1270
R,32 (-Q),2,8,9,1933
R,32 (-Q),2,8,10,1873
R,32 (-Q),2,8,11,1816
R,32 (-Q),2,8,12,1982
R,32 (-Q),2,8,13,2337
R,32 (-Q),2,8,14,1939
R,32 (-Q),2,8,15,1649
R,32 (-Q),2,9,1,2211
R,32 (-Q),2,9,2,2785
R,32 (-Q),2,9,3,2679
R,32 (-Q),2,9,4,2646
R,32 (-Q),2,9,5,2477
R,32 (-Q),2,9,6,2545
R,32 (-Q),2,9,7,1901
R,32 (-Q),2,9,8,1593
R,32 (-Q),2,9,9,2261
R,32 (-Q),2,9,10,2280
R,32 (-Q),2,9,11,2197
R,32 (-Q),2,9,12,2299
R,32 (-Q),2,9,13,2564
R,32 (-Q),2,9,14,2226
R,32 (-Q),2,9,15,1911
R,32 (-Q),2,10,1,2463
R,32 (-Q),2,10,2,3017
R,32 (-Q),2,10,3,2843
R,32 (-Q),2,10,4,2738
R,32 (-Q),2,10,5,2605
R,32 (-Q),2,10,6,2632
R,32 (-Q),2,10,7,1912
R,32 (-Q),2,10,8,1614
R,32 (-Q),2,10,9,2280
R,32 (-Q),2,10,10,2277
R,32 (-Q),2,10,11,2157
R,32 (-Q),2,10,12,2322
R,32 (-Q),2,10,13,2589
R,32 (-Q),2,10,14,2319
R,32 (-Q),2,10,15,1999
R,32 (-Q),3,1,1,2616
R,32 (-Q),3,1,2,2418
R,32 (-Q),3,1,3,2304
R,32 (-Q),3,1,4,2296
R,32 (-Q),3,1,5,1943
R,32 (-Q),3,1,6,2046
R,32 (-Q),3,1,7,1009
R,32 (-Q),3,1,8,206
R,32 (-Q),3,1,9,918
R,32 (-Q),3,1,10,1028
R,32 (-Q),3,1,11,1045
R,32 (-Q),3,1,12,1027
R,32 (-Q),3,1,13,1508
R,32 (-Q),3,1,14,1033
R,32 (-Q),3,1,15,456
R,32 (-Q),3,2,1,2251
R,32 (-Q),3,2,2,2194
R,32 (-Q),3,2,3,1983
R,32 (-Q),3,2,4,1874
R,32 (-Q),3,2,5,1480
R,32 (-Q),3,2,6,1587
R,32 (-Q),3,2,7,658
R,32 (-Q),3,2,8,46
R,32 (-Q),3,2,9,423
R,32 (-Q),3,2,10,557
R,32 (-Q),3,2,11,633
R,32 (-Q),3,2,12,671
R,32 (-Q),3,2,13,1017
R,32 (-Q),3,2,14,665
R,32 (-Q),3,2,15,300
R,32 (-Q),3,3,1,2174
R,32 (-Q),3,3,2,2100
R,32 (-Q),3,3,3,1908
R,32 (-Q),3,3,4,1871
R,32 (-Q),3,3,5,1603
R,32 (-Q),3,3,6,1529
R,32 (-Q),3,3,7,742
R,32 (-Q),3,3,8,172
R,32 (-Q),3,3,9,573
R,32 (-Q),3,3,10,634
R,32 (-Q),3,3,11,657
R,32 (-Q),3,3,12,673
R,32 (-Q),3,3,13,1055
R,32 (-Q),3,3,14,717
R,32 (-Q),3,3,15,370
R,32 (-Q),3,4,1,2017
R,32 (-Q),3,4,2,1984
R,32 (-Q),3,4,3,1809
R,32 (-Q),3,4,4,1742
R,32 (-Q),3,4,5,1447
R,32 (-Q),3,4,6,1527
R,32 (-Q),3,4,7,844
R,32 (-Q),3,4,8,305
R,32 (-Q),3,4,9,695
R,32 (-Q),3,4,10,760
R,32 (-Q),3,4,11,719
R,32 (-Q),3,4,12,768
R,32 (-Q),3,4,13,1173
R,32 (-Q),3,4,14,784
R,32 (-Q),3,4,15,453
R,32 (-Q),3,5,1,2008
R,32 (-Q),3,5,2,2049
R,32 (-Q),3,5,3,1820
R,32 (-Q),3,5,4,1685
R,32 (-Q),3,5,5,1431
R,32 (-Q),3,5,6,1493
R,32 (-Q),3,5,7,775
R,32 (-Q),3,5,8,262
R,32 (-Q),3,5,9,702
R,32 (-Q),3,5,10,736
R,32 (-Q),3,5,11,700
R,32 (-Q),3,5,12,766
R,32 (-Q),3,5,13,1275
R,32 (-Q),3,5,14,891
R,32 (-Q),3,5,15,539
R,32 (-Q),3,6,1,1926
R,32 (-Q),3,6,2,2199
R,32 (-Q),3,6,3,2036
R,32 (-Q),3,6,4,1885
R,32 (-Q),3,6,5,1618
R,32 (-Q),3,6,6,1685
R,32 (-Q),3,6,7,942
R,32 (-Q),3,6,8,437
R,32 (-Q),3,6,9,804
R,32 (-Q),3,6,10,840
R,32 (-Q),3,6,11,778
R,32 (-Q),3,6,12,845
R,32 (-Q),3,6,13,1380
R,32 (-Q),3,6,14,1073
R,32 (-Q),3,6,15,724
R,32 (-Q),3,7,1,1999
R,32 (-Q),3,7,2,2375
R,32 (-Q),3,7,3,2161
R,32 (-Q),3,7,4,2054
R,32 (-Q),3,7,5,1792
R,32 (-Q),3,7,6,1798
R,32 (-Q),3,7,7,957
R,32 (-Q),3,7,8,455
R,32 (-Q),3,7,9,854
R,32 (-Q),3,7,10,903
R,32 (-Q),3,7,11,852
R,32 (-Q),3,7,12,922
R,32 (-Q),3,7,13,1332
R,32 (-Q),3,7,14,939
R,32 (-Q),3,7,15,593
R,32 (-Q),3,8,1,2163
R,32 (-Q),3,8,2,2450
R,32 (-Q),3,8,3,2322
R,32 (-Q),3,8,4,2216
R,32 (-Q),3,8,5,1936
R,32 (-Q),3,8,6,1903
R,32 (-Q),3,8,7,972
R,32 (-Q),3,8,8,476
R,32 (-Q),3,8,9,817
R,32 (-Q),3,8,10,865
R,32 (-Q),3,8,11,818
R,32 (-Q),3,8,12,878
R,32 (-Q),3,8,13,1317
R,32 (-Q),3,8,14,941
R,32 (-Q),3,8,15,611
R,32 (-Q),3,9,1,2287
R,32 (-Q),3,9,2,2667
R,32 (-Q),3,9,3,2517
R,32 (-Q),3,9,4,2478
R,32 (-Q),3,9,5,2146
R,32 (-Q),3,9,6,2172
R,32 (-Q),3,9,7,1272
R,32 (-Q),3,9,8,830
R,32 (-Q),3,9,9,1112
R,32 (-Q),3,9,10,1118
R,32 (-Q),3,9,11,983
R,32 (-Q),3,9,12,1109
R,32 (-Q),3,9,13,1581
R,32 (-Q),3,9,14,1247
R,32 (-Q),3,9,15,873
R,32 (-Q),3,10,1,2514
R,32 (-Q),3,10,2,2915
R,32 (-Q),3,10,3,2712
R,32 (-Q),3,10,4,2617
R,32 (-Q),3,10,5,2285
R,32 (-Q),3,10,6,2301
R,32 (-Q),3,10,7,1270
R,32 (-Q),3,10,8,832
R,32 (-Q),3,10,9,1079
R,32 (-Q),3,10,10,1062
R,32 (-Q),3,10,11,961
R,32 (-Q),3,10,12,1112
R,32 (-Q),3,10,13,1604
R,32 (-Q),3,10,14,1314
R,32 (-Q),3,10,15,956
U,12,1,1,10,26
U,12,1,1,11,39
U,12,1,1,12,19
U,12,1,1,13,6
U,12,2,1,3,4
U,12,2,1,10,36
U,12,2,1,11,56
U,12,2,1,12,31
U,12,2,1,13,13
U,12,3,1,1,1
U,12,3,1,2,2
U,12,3,1,3,10
U,12,3,1,4,1
U,12,3,1,5,1
U,12,3,1,9,3
U,12,3,1,10,90
U,12,3,1,11,111
U,12,3,1,12,85
U,12,3,1,13,69
U,12,3,1,14,39
U,12,3,1,15,1
U,13,1,1,1,13
U,13,1,1,2,24
U,13,1,1,3,25
U,13,1,1,4,2
U,13,1,1,5,2
U,13,1,1,11,3
U,13,1,2,1,2
U,13,1,2,2,2
U,13,1,3,1,2
U,13,1,3,2,2
U,13,1,4,1,2
U,13,1,4,2,2
U,13,1,6,1,2
U,13,1,6,2,4
U,13,1,7,1,4
U,13,1,7,2,6
U,13,1,8,1,13
U,13,1,8,2,10
U,13,1,8,3,8
U,13,1,8,4,2
U,13,1,8,5,2
U,13,1,9,1,17
U,13,1,9,2,18
U,13,1,9,3,10
U,13,1,9,4,8
U,13,1,9,5,8
U,13,1,9,6,2
U,13,1,10,1,22
U,13,1,10,2,18
U,13,1,10,3,12
U,13,1,10,4,6
U,13,1,10,5,8
U,13,1,10,6,2
U,13,2,1,1,40
U,13,2,1,2,60
U,13,2,1,3,95
U,13,2,1,4,35
U,13,2,1,5,37
U,13,2,1,6,4
U,13,2,1,7,1
U,13,2,1,9,2
U,13,2,1,11,18
U,13,2,2,1,12
U,13,2,2,2,14
U,13,2,2,3,6
U,13,2,2,4,2
U,13,2,2,5,2
U,13,2,3,1,10
U,13,2,3,2,14
U,13,2,3,3,6
U,13,2,3,4,2
U,13,2,3,5,2
U,13,2,4,1,14
U,13,2,4,2,14
U,13,2,4,3,6
U,13,2,4,4,2
U,13,2,4,5,2
U,13,2,5,1,8
U,13,2,5,2,12
U,13,2,5,3,2
U,13,2,6,1,8
U,13,2,6,2,16
U,13,2,6,3,8
U,13,2,6,4,2
U,13,2,6,5,4
U,13,2,7,1,14
U,13,2,7,2,12
U,13,2,7,3,10
U,13,2,7,4,4
U,13,2,7,5,4
U,13,2,8,1,32
U,13,2,8,2,22
U,13,2,8,3,21
U,13,2,8,4,12
U,13,2,8,5,12
U,13,2,8,6,2
U,13,2,9,1,40
U,13,2,9,2,28
U,13,2,9,3,28
U,13,2,9,4,16
U,13,2,9,5,16
U,13,2,9,6,6
U,13,2,10,1,47
U,13,2,10,2,28
U,13,2,10,3,27
U,13,2,10,4,16
U,13,2,10,5,16
U,13,2,10,6,4
U,13,3,1,1,46
U,13,3,1,2,74
U,13,3,1,3,92
U,13,3,1,4,20
U,13,3,1,5,28
U,13,3,1,6,4
U,13,3,1,7,3
U,13,3,1,10,39
U,13,3,1,11,63
U,13,3,1,12,33
U,13,3,1,13,14
U,13,3,2,1,8
U,13,3,2,2,4
U,13,3,2,3,1
U,13,3,3,1,8
U,13,3,3,2,6
U,13,3,4,1,8
U,13,3,4,2,8
U,13,3,5,1,2
U,13,3,6,1,8
U,13,3,6,2,8
U,13,3,7,1,8
U,13,3,7,2,8
U,13,3,8,1,16
U,13,3,8,2,8
U,13,3,8,3,8
U,13,3,8,4,4
U,13,3,8,5,6
U,13,3,9,1,20
U,13,3,9,2,18
U,13,3,9,3,16
U,13,3,9,4,12
U,13,3,9,5,10
U,13,3,10,1,30
U,13,3,10,2,18
U,13,3,10,3,16
U,13,3,10,4,10
U,13,3,10,5,12
U,32 (-Q),3,1,3,2
U,32 (-Q),3,1,10,7
U,32 (-Q),3,1,11,23
U,32 (-Q),3,1,12,5
