Predicted Runpass,Offpersonnelbasic,Down,Distance,Minutes Left,0
P,11,1,1,1,2790
P,11,1,1,2,1935
P,11,1,1,3,2126
P,11,1,1,4,2462
P,11,1,1,5,2346
P,11,1,1,6,2399
P,11,1,1,7,2209
P,11,1,1,8,2131
P,11,1,1,9,2015
P,11,1,1,10,2027
P,11,1,1,11,2269
P,11,1,1,12,2105
P,11,1,1,13,2134
P,11,1,1,14,1686
P,11,1,1,15,1338
P,11,1,2,1,2869
P,11,1,2,2,1991
P,11,1,2,3,2201
P,11,1,2,4,2499
P,11,1,2,5,2373
P,11,1,2,6,2491
P,11,1,2,7,2211
P,11,1,2,8,2117
P,11,1,2,9,2133
P,11,1,2,10,2190
P,11,1,2,11,2430
P,11,1,2,12,2248
P,11,1,2,13,2268
P,11,1,2,14,1819
P,11,1,2,15,1377
P,11,1,3,1,2653
P,11,1,3,2,1932
P,11,1,3,3,2101
P,11,1,3,4,2408
P,11,1,3,5,2268
P,11,1,3,6,2397
P,11,1,3,7,2103
P,11,1,3,8,1990
P,11,1,3,9,2013
P,11,1,3,10,2057
P,11,1,3,11,2251
P,11,1,3,12,2094
P,11,1,3,13,2095
P,11,1,3,14,1611
P,11,1,3,15,1177
P,11,1,4,1,3894
P,11,1,4,2,3598
P,11,1,4,3,3691
P,11,1,4,4,3772
P,11,1,4,5,3666
P,11,1,4,6,3619
P,11,1,4,7,3577
P,11,1,4,8,3316
P,11,1,4,9,3469
P,11,1,4,10,3556
P,11,1,4,11,3660
P,11,1,4,12,3580
P,11,1,4,13,3543
P,11,1,4,14,3099
P,11,1,4,15,2040
P,11,1,5,1,3894
P,11,1,5,2,3652
P,11,1,5,3,3690
P,11,1,5,4,3789
P,11,1,5,5,3698
P,11,1,5,6,3603
P,11,1,5,7,3584
P,11,1,5,8,3411
P,11,1,5,9,3559
P,11,1,5,10,3742
P,11,1,5,11,3864
P,11,1,5,12,3852
P,11,1,5,13,3855
P,11,1,5,14,3793
P,11,1,5,15,3018
P,11,1,6,1,3866
P,11,1,6,2,3574
P,11,1,6,3,3640
P,11,1,6,4,3783
P,11,1,6,5,3717
P,11,1,6,6,3581
P,11,1,6,7,3601
P,11,1,6,8,3462
P,11,1,6,9,3619
P,11,1,6,10,3810
P,11,1,6,11,3910
P,11,1,6,12,3892
P,11,1,6,13,3904
P,11,1,6,14,3876
P,11,1,6,15,3166
P,11,1,7,1,3491
P,11,1,7,2,2895
P,11,1,7,3,3149
P,11,1,7,4,3367
P,11,1,7,5,3265
P,11,1,7,6,2963
P,11,1,7,7,3043
P,11,1,7,8,2857
P,11,1,7,9,3041
P,11,1,7,10,3376
P,11,1,7,11,3744
P,11,1,7,12,3716
P,11,1,7,13,3687
P,11,1,7,14,3788
P,11,1,7,15,2967
P,11,1,8,1,3637
P,11,1,8,2,3148
P,11,1,8,3,3430
P,11,1,8,4,3630
P,11,1,8,5,3499
P,11,1,8,6,3235
P,11,1,8,7,3333
P,11,1,8,8,3213
P,11,1,8,9,3425
P,11,1,8,10,3643
P,11,1,8,11,3869
P,11,1,8,12,3841
P,11,1,8,13,3869
P,11,1,8,14,3883
P,11,1,8,15,3208
P,11,1,9,1,3618
P,11,1,9,2,3170
P,11,1,9,3,3473
P,11,1,9,4,3581
P,11,1,9,5,3506
P,11,1,9,6,3309
P,11,1,9,7,3359
P,11,1,9,8,3255
P,11,1,9,9,3451
P,11,1,9,10,3685
P,11,1,9,11,3910
P,11,1,9,12,3906
P,11,1,9,13,3929
P,11,1,9,14,3898
P,11,1,9,15,3127
P,11,1,10,1,3540
P,11,1,10,2,3146
P,11,1,10,3,3364
P,11,1,10,4,3524
P,11,1,10,5,3431
P,11,1,10,6,3255
P,11,1,10,7,3315
P,11,1,10,8,3286
P,11,1,10,9,3477
P,11,1,10,10,3756
P,11,1,10,11,3929
P,11,1,10,12,3952
P,11,1,10,13,3964
P,11,1,10,14,3945
P,11,1,10,15,3345
P,11,2,1,1,2664
P,11,2,1,2,1830
P,11,2,1,3,1828
P,11,2,1,4,2117
P,11,2,1,5,2109
P,11,2,1,6,2248
P,11,2,1,7,2060
P,11,2,1,8,1919
P,11,2,1,9,1756
P,11,2,1,10,1766
P,11,2,1,11,1970
P,11,2,1,12,1818
P,11,2,1,13,1808
P,11,2,1,14,1442
P,11,2,1,15,1179
P,11,2,2,1,3024
P,11,2,2,2,2017
P,11,2,2,3,2034
P,11,2,2,4,2251
P,11,2,2,5,2243
P,11,2,2,6,2385
P,11,2,2,7,2081
P,11,2,2,8,1962
P,11,2,2,9,1969
P,11,2,2,10,1972
P,11,2,2,11,2121
P,11,2,2,12,1962
P,11,2,2,13,1972
P,11,2,2,14,1575
P,11,2,2,15,1212
P,11,2,3,1,2838
P,11,2,3,2,1994
P,11,2,3,3,1976
P,11,2,3,4,2169
P,11,2,3,5,2145
P,11,2,3,6,2301
P,11,2,3,7,2003
P,11,2,3,8,1849
P,11,2,3,9,1895
P,11,2,3,10,1936
P,11,2,3,11,2032
P,11,2,3,12,1898
P,11,2,3,13,1874
P,11,2,3,14,1429
P,11,2,3,15,1057
P,11,2,4,1,3984
P,11,2,4,2,3686
P,11,2,4,3,3850
P,11,2,4,4,3905
P,11,2,4,5,3825
P,11,2,4,6,3769
P,11,2,4,7,3727
P,11,2,4,8,3445
P,11,2,4,9,3554
P,11,2,4,10,3568
P,11,2,4,11,3541
P,11,2,4,12,3390
P,11,2,4,13,3184
P,11,2,4,14,2699
P,11,2,4,15,1708
P,11,2,5,1,4008
P,11,2,5,2,3873
P,11,2,5,3,3874
P,11,2,5,4,3944
P,11,2,5,5,3853
P,11,2,5,6,3769
P,11,2,5,7,3743
P,11,2,5,8,3618
P,11,2,5,9,3676
P,11,2,5,10,3788
P,11,2,5,11,3839
P,11,2,5,12,3839
P,11,2,5,13,3773
P,11,2,5,14,3650
P,11,2,5,15,3016
P,11,2,6,1,4012
P,11,2,6,2,3881
P,11,2,6,3,3888
P,11,2,6,4,3959
P,11,2,6,5,3886
P,11,2,6,6,3789
P,11,2,6,7,3762
P,11,2,6,8,3688
P,11,2,6,9,3746
P,11,2,6,10,3861
P,11,2,6,11,3937
P,11,2,6,12,3910
P,11,2,6,13,3851
P,11,2,6,14,3765
P,11,2,6,15,3143
P,11,2,7,1,3859
P,11,2,7,2,3350
P,11,2,7,3,3527
P,11,2,7,4,3739
P,11,2,7,5,3544
P,11,2,7,6,3189
P,11,2,7,7,3193
P,11,2,7,8,3054
P,11,2,7,9,3235
P,11,2,7,10,3445
P,11,2,7,11,3751
P,11,2,7,12,3667
P,11,2,7,13,3528
P,11,2,7,14,3628
P,11,2,7,15,2896
P,11,2,8,1,3910
P,11,2,8,2,3636
P,11,2,8,3,3751
P,11,2,8,4,3890
P,11,2,8,5,3737
P,11,2,8,6,3502
P,11,2,8,7,3495
P,11,2,8,8,3367
P,11,2,8,9,3532
P,11,2,8,10,3699
P,11,2,8,11,3873
P,11,2,8,12,3814
P,11,2,8,13,3807
P,11,2,8,14,3785
P,11,2,8,15,3068
P,11,2,9,1,3907
P,11,2,9,2,3670
P,11,2,9,3,3829
P,11,2,9,4,3892
P,11,2,9,5,3748
P,11,2,9,6,3581
P,11,2,9,7,3567
P,11,2,9,8,3427
P,11,2,9,9,3586
P,11,2,9,10,3790
P,11,2,9,11,3934
P,11,2,9,12,3897
P,11,2,9,13,3914
P,11,2,9,14,3880
P,11,2,9,15,3018
P,11,2,10,1,3877
P,11,2,10,2,3661
P,11,2,10,3,3774
P,11,2,10,4,3851
P,11,2,10,5,3711
P,11,2,10,6,3535
P,11,2,10,7,3520
P,11,2,10,8,3460
P,11,2,10,9,3622
P,11,2,10,10,3831
P,11,2,10,11,3962
P,11,2,10,12,3973
P,11,2,10,13,3978
P,11,2,10,14,3945
P,11,2,10,15,3305
P,11,3,1,1,2303
P,11,3,1,2,973
P,11,3,1,3,779
P,11,3,1,4,887
P,11,3,1,5,870
P,11,3,1,6,937
P,11,3,1,7,807
P,11,3,1,8,1053
P,11,3,1,9,948
P,11,3,1,10,946
P,11,3,1,11,1106
P,11,3,1,12,1150
P,11,3,1,13,1260
P,11,3,1,14,904
P,11,3,1,15,736
P,11,3,2,1,2879
P,11,3,2,2,1271
P,11,3,2,3,1037
P,11,3,2,4,1112
P,11,3,2,5,1138
P,11,3,2,6,1229
P,11,3,2,7,1016
P,11,3,2,8,1141
P,11,3,2,9,1152
P,11,3,2,10,1167
P,11,3,2,11,1331
P,11,3,2,12,1379
P,11,3,2,13,1475
P,11,3,2,14,1060
P,11,3,2,15,870
P,11,3,3,1,2656
P,11,3,3,2,1311
P,11,3,3,3,1079
P,11,3,3,4,1165
P,11,3,3,5,1186
P,11,3,3,6,1264
P,11,3,3,7,1021
P,11,3,3,8,1134
P,11,3,3,9,1128
P,11,3,3,10,1176
P,11,3,3,11,1342
P,11,3,3,12,1428
P,11,3,3,13,1446
P,11,3,3,14,961
P,11,3,3,15,749
P,11,3,4,1,3980
P,11,3,4,2,3859
P,11,3,4,3,3882
P,11,3,4,4,3900
P,11,3,4,5,3942
P,11,3,4,6,3948
P,11,3,4,7,3978
P,11,3,4,8,3979
P,11,3,4,9,3985
P,11,3,4,10,3986
P,11,3,4,11,3999
P,11,3,4,12,4002
P,11,3,4,13,4006
P,11,3,4,14,3948
P,11,3,4,15,3886
P,11,3,5,1,4032
P,11,3,5,2,4032
P,11,3,5,3,4032
P,11,3,5,4,4032
P,11,3,5,5,4032
P,11,3,5,6,4032
P,11,3,5,7,4032
P,11,3,5,8,4032
P,11,3,5,9,4032
P,11,3,5,10,4032
P,11,3,5,11,4032
P,11,3,5,12,4032
P,11,3,5,13,4032
P,11,3,5,14,4032
P,11,3,5,15,4032
P,11,3,6,1,4032
P,11,3,6,2,4032
P,11,3,6,3,4032
P,11,3,6,4,4032
P,11,3,6,5,4032
P,11,3,6,6,4032
P,11,3,6,7,4032
P,11,3,6,8,4032
P,11,3,6,9,4032
P,11,3,6,10,4032
P,11,3,6,11,4032
P,11,3,6,12,4032
P,11,3,6,13,4032
P,11,3,6,14,4032
P,11,3,6,15,4032
P,11,3,7,1,4032
P,11,3,7,2,4032
P,11,3,7,3,4032
P,11,3,7,4,4032
P,11,3,7,5,4032
P,11,3,7,6,4032
P,11,3,7,7,4032
P,11,3,7,8,4032
P,11,3,7,9,4032
P,11,3,7,10,4032
P,11,3,7,11,4032
P,11,3,7,12,4032
P,11,3,7,13,4032
P,11,3,7,14,4032
P,11,3,7,15,4032
P,11,3,8,1,4032
P,11,3,8,2,4032
P,11,3,8,3,4032
P,11,3,8,4,4032
P,11,3,8,5,4032
P,11,3,8,6,4032
P,11,3,8,7,4032
P,11,3,8,8,4032
P,11,3,8,9,4032
P,11,3,8,10,4032
P,11,3,8,11,4032
P,11,3,8,12,4032
P,11,3,8,13,4032
P,11,3,8,14,4032
P,11,3,8,15,4032
P,11,3,9,1,4032
P,11,3,9,2,4032
P,11,3,9,3,4032
P,11,3,9,4,4032
P,11,3,9,5,4032
P,11,3,9,6,4032
P,11,3,9,7,4032
P,11,3,9,8,4032
P,11,3,9,9,4032
P,11,3,9,10,4032
P,11,3,9,11,4032
P,11,3,9,12,4032
P,11,3,9,13,4032
P,11,3,9,14,4032
P,11,3,9,15,4032
P,11,3,10,1,4032
P,11,3,10,2,4032
P,11,3,10,3,4032
P,11,3,10,4,4032
P,11,3,10,5,4031
P,11,3,10,6,4032
P,11,3,10,7,4032
P,11,3,10,8,4032
P,11,3,10,9,4032
P,11,3,10,10,4032
P,11,3,10,11,4032
P,11,3,10,12,4032
P,11,3,10,13,4032
P,11,3,10,14,4032
P,11,3,10,15,4032
P,12,1,1,1,398
P,12,1,1,2,175
P,12,1,1,3,374
P,12,1,1,4,2256
P,12,1,1,5,2346
P,12,1,1,6,1832
P,12,1,1,7,1529
P,12,1,1,8,1589
P,12,1,1,9,1972
P,12,1,1,10,1921
P,12,1,1,11,2016
P,12,1,1,12,1774
P,12,1,1,13,1876
P,12,1,1,14,2039
P,12,1,1,15,2053
P,12,1,2,1,598
P,12,1,2,2,315
P,12,1,2,3,548
P,12,1,2,4,2423
P,12,1,2,5,2463
P,12,1,2,6,2109
P,12,1,2,7,1727
P,12,1,2,8,1688
P,12,1,2,9,1948
P,12,1,2,10,1871
P,12,1,2,11,1897
P,12,1,2,12,1714
P,12,1,2,13,1745
P,12,1,2,14,1805
P,12,1,2,15,1831
P,12,1,3,1,663
P,12,1,3,2,304
P,12,1,3,3,596
P,12,1,3,4,2410
P,12,1,3,5,2468
P,12,1,3,6,2066
P,12,1,3,7,1794
P,12,1,3,8,1773
P,12,1,3,9,2035
P,12,1,3,10,2004
P,12,1,3,11,1965
P,12,1,3,12,1665
P,12,1,3,13,1617
P,12,1,3,14,1613
P,12,1,3,15,1607
P,12,1,4,1,1853
P,12,1,4,2,1274
P,12,1,4,3,1828
P,12,1,4,4,3518
P,12,1,4,5,3514
P,12,1,4,6,3142
P,12,1,4,7,3239
P,12,1,4,8,3101
P,12,1,4,9,2954
P,12,1,4,10,2887
P,12,1,4,11,2934
P,12,1,4,12,2373
P,12,1,4,13,2197
P,12,1,4,14,2259
P,12,1,4,15,1980
P,12,1,5,1,2181
P,12,1,5,2,1635
P,12,1,5,3,2148
P,12,1,5,4,3601
P,12,1,5,5,3604
P,12,1,5,6,3271
P,12,1,5,7,3359
P,12,1,5,8,3287
P,12,1,5,9,3186
P,12,1,5,10,3119
P,12,1,5,11,3222
P,12,1,5,12,2808
P,12,1,5,13,2634
P,12,1,5,14,2716
P,12,1,5,15,2444
P,12,1,6,1,2274
P,12,1,6,2,1724
P,12,1,6,3,2161
P,12,1,6,4,3779
P,12,1,6,5,3765
P,12,1,6,6,3524
P,12,1,6,7,3584
P,12,1,6,8,3505
P,12,1,6,9,3429
P,12,1,6,10,3377
P,12,1,6,11,3410
P,12,1,6,12,3012
P,12,1,6,13,2843
P,12,1,6,14,2973
P,12,1,6,15,2688
P,12,1,7,1,1961
P,12,1,7,2,1252
P,12,1,7,3,1721
P,12,1,7,4,3603
P,12,1,7,5,3601
P,12,1,7,6,3258
P,12,1,7,7,3354
P,12,1,7,8,3175
P,12,1,7,9,3070
P,12,1,7,10,3161
P,12,1,7,11,3303
P,12,1,7,12,2907
P,12,1,7,13,2782
P,12,1,7,14,3010
P,12,1,7,15,2661
P,12,1,8,1,1933
P,12,1,8,2,1258
P,12,1,8,3,1719
P,12,1,8,4,3569
P,12,1,8,5,3575
P,12,1,8,6,3252
P,12,1,8,7,3302
P,12,1,8,8,3135
P,12,1,8,9,3080
P,12,1,8,10,3208
P,12,1,8,11,3317
P,12,1,8,12,2919
P,12,1,8,13,2864
P,12,1,8,14,3080
P,12,1,8,15,2795
P,12,1,9,1,2019
P,12,1,9,2,1379
P,12,1,9,3,1805
P,12,1,9,4,3542
P,12,1,9,5,3503
P,12,1,9,6,3164
P,12,1,9,7,3224
P,12,1,9,8,3057
P,12,1,9,9,3007
P,12,1,9,10,3164
P,12,1,9,11,3232
P,12,1,9,12,2816
P,12,1,9,13,2764
P,12,1,9,14,3031
P,12,1,9,15,2618
P,12,1,10,1,2288
P,12,1,10,2,1759
P,12,1,10,3,2186
P,12,1,10,4,3597
P,12,1,10,5,3552
P,12,1,10,6,3245
P,12,1,10,7,3261
P,12,1,10,8,3110
P,12,1,10,9,3181
P,12,1,10,10,3307
P,12,1,10,11,3373
P,12,1,10,12,2994
P,12,1,10,13,2880
P,12,1,10,14,3158
P,12,1,10,15,2759
P,12,2,1,1,170
P,12,2,1,2,83
P,12,2,1,3,220
P,12,2,1,4,1800
P,12,2,1,5,1867
P,12,2,1,6,1376
P,12,2,1,7,1402
P,12,2,1,8,1278
P,12,2,1,9,1701
P,12,2,1,10,1563
P,12,2,1,11,1597
P,12,2,1,12,1365
P,12,2,1,13,1570
P,12,2,1,14,1790
P,12,2,1,15,1830
P,12,2,2,1,606
P,12,2,2,2,283
P,12,2,2,3,507
P,12,2,2,4,2136
P,12,2,2,5,2193
P,12,2,2,6,1889
P,12,2,2,7,1591
P,12,2,2,8,1485
P,12,2,2,9,1763
P,12,2,2,10,1625
P,12,2,2,11,1600
P,12,2,2,12,1404
P,12,2,2,13,1472
P,12,2,2,14,1528
P,12,2,2,15,1531
P,12,2,3,1,749
P,12,2,3,2,356
P,12,2,3,3,585
P,12,2,3,4,2148
P,12,2,3,5,2211
P,12,2,3,6,1866
P,12,2,3,7,1702
P,12,2,3,8,1647
P,12,2,3,9,1960
P,12,2,3,10,1834
P,12,2,3,11,1775
P,12,2,3,12,1483
P,12,2,3,13,1461
P,12,2,3,14,1441
P,12,2,3,15,1369
P,12,2,4,1,1710
P,12,2,4,2,892
P,12,2,4,3,1473
P,12,2,4,4,3232
P,12,2,4,5,3258
P,12,2,4,6,2830
P,12,2,4,7,2964
P,12,2,4,8,2860
P,12,2,4,9,2654
P,12,2,4,10,2503
P,12,2,4,11,2460
P,12,2,4,12,1919
P,12,2,4,13,1860
P,12,2,4,14,1911
P,12,2,4,15,1592
P,12,2,5,1,1843
P,12,2,5,2,1211
P,12,2,5,3,1677
P,12,2,5,4,3321
P,12,2,5,5,3338
P,12,2,5,6,2973
P,12,2,5,7,3131
P,12,2,5,8,3060
P,12,2,5,9,2839
P,12,2,5,10,2781
P,12,2,5,11,2890
P,12,2,5,12,2416
P,12,2,5,13,2398
P,12,2,5,14,2452
P,12,2,5,15,2166
P,12,2,6,1,2011
P,12,2,6,2,1374
P,12,2,6,3,1766
P,12,2,6,4,3608
P,12,2,6,5,3685
P,12,2,6,6,3402
P,12,2,6,7,3558
P,12,2,6,8,3568
P,12,2,6,9,3375
P,12,2,6,10,3321
P,12,2,6,11,3427
P,12,2,6,12,2953
P,12,2,6,13,2864
P,12,2,6,14,2982
P,12,2,6,15,2688
P,12,2,7,1,1579
P,12,2,7,2,897
P,12,2,7,3,1286
P,12,2,7,4,3340
P,12,2,7,5,3465
P,12,2,7,6,3086
P,12,2,7,7,3266
P,12,2,7,8,3222
P,12,2,7,9,2864
P,12,2,7,10,3086
P,12,2,7,11,3259
P,12,2,7,12,2761
P,12,2,7,13,2697
P,12,2,7,14,2974
P,12,2,7,15,2657
P,12,2,8,1,1566
P,12,2,8,2,912
P,12,2,8,3,1294
P,12,2,8,4,3313
P,12,2,8,5,3431
P,12,2,8,6,3078
P,12,2,8,7,3237
P,12,2,8,8,3163
P,12,2,8,9,2874
P,12,2,8,10,3105
P,12,2,8,11,3198
P,12,2,8,12,2714
P,12,2,8,13,2733
P,12,2,8,14,2975
P,12,2,8,15,2703
P,12,2,9,1,1616
P,12,2,9,2,1046
P,12,2,9,3,1352
P,12,2,9,4,3313
P,12,2,9,5,3377
P,12,2,9,6,2966
P,12,2,9,7,3124
P,12,2,9,8,3078
P,12,2,9,9,2849
P,12,2,9,10,3057
P,12,2,9,11,3094
P,12,2,9,12,2592
P,12,2,9,13,2623
P,12,2,9,14,2879
P,12,2,9,15,2449
P,12,2,10,1,1973
P,12,2,10,2,1347
P,12,2,10,3,1739
P,12,2,10,4,3489
P,12,2,10,5,3506
P,12,2,10,6,3134
P,12,2,10,7,3248
P,12,2,10,8,3185
P,12,2,10,9,3170
P,12,2,10,10,3314
P,12,2,10,11,3343
P,12,2,10,12,2880
P,12,2,10,13,2851
P,12,2,10,14,3133
P,12,2,10,15,2723
P,12,3,1,1,382
P,12,3,1,2,15
P,12,3,1,3,54
P,12,3,1,4,785
P,12,3,1,5,890
P,12,3,1,6,592
P,12,3,1,7,562
P,12,3,1,8,712
P,12,3,1,9,1011
P,12,3,1,10,909
P,12,3,1,11,966
P,12,3,1,12,809
P,12,3,1,13,1034
P,12,3,1,14,1030
P,12,3,1,15,1119
P,12,3,2,1,1055
P,12,3,2,2,115
P,12,3,2,3,209
P,12,3,2,4,1298
P,12,3,2,5,1416
P,12,3,2,6,958
P,12,3,2,7,756
P,12,3,2,8,823
P,12,3,2,9,1166
P,12,3,2,10,1050
P,12,3,2,11,1035
P,12,3,2,12,908
P,12,3,2,13,1033
P,12,3,2,14,940
P,12,3,2,15,1006
P,12,3,3,1,1374
P,12,3,3,2,178
P,12,3,3,3,325
P,12,3,3,4,1512
P,12,3,3,5,1647
P,12,3,3,6,1141
P,12,3,3,7,917
P,12,3,3,8,968
P,12,3,3,9,1238
P,12,3,3,10,1117
P,12,3,3,11,1109
P,12,3,3,12,924
P,12,3,3,13,1039
P,12,3,3,14,880
P,12,3,3,15,936
P,12,3,4,1,2919
P,12,3,4,2,1945
P,12,3,4,3,2216
P,12,3,4,4,3433
P,12,3,4,5,3602
P,12,3,4,6,3294
P,12,3,4,7,3549
P,12,3,4,8,3636
P,12,3,4,9,3536
P,12,3,4,10,3477
P,12,3,4,11,3528
P,12,3,4,12,3164
P,12,3,4,13,3135
P,12,3,4,14,3155
P,12,3,4,15,3201
P,12,3,5,1,3529
P,12,3,5,2,3187
P,12,3,5,3,3380
P,12,3,5,4,3922
P,12,3,5,5,3945
P,12,3,5,6,3811
P,12,3,5,7,3903
P,12,3,5,8,3963
P,12,3,5,9,3927
P,12,3,5,10,3973
P,12,3,5,11,3985
P,12,3,5,12,3859
P,12,3,5,13,3815
P,12,3,5,14,3776
P,12,3,5,15,3718
P,12,3,6,1,3749
P,12,3,6,2,3443
P,12,3,6,3,3597
P,12,3,6,4,4012
P,12,3,6,5,4019
P,12,3,6,6,3983
P,12,3,6,7,4012
P,12,3,6,8,4028
P,12,3,6,9,4022
P,12,3,6,10,4029
P,12,3,6,11,4024
P,12,3,6,12,4002
P,12,3,6,13,3973
P,12,3,6,14,3973
P,12,3,6,15,3996
P,12,3,7,1,3619
P,12,3,7,2,3116
P,12,3,7,3,3334
P,12,3,7,4,3974
P,12,3,7,5,3992
P,12,3,7,6,3915
P,12,3,7,7,3968
P,12,3,7,8,4013
P,12,3,7,9,3966
P,12,3,7,10,4014
P,12,3,7,11,4023
P,12,3,7,12,3939
P,12,3,7,13,3925
P,12,3,7,14,3972
P,12,3,7,15,3993
P,12,3,8,1,3600
P,12,3,8,2,3038
P,12,3,8,3,3274
P,12,3,8,4,3956
P,12,3,8,5,3977
P,12,3,8,6,3875
P,12,3,8,7,3959
P,12,3,8,8,3994
P,12,3,8,9,3926
P,12,3,8,10,3988
P,12,3,8,11,4000
P,12,3,8,12,3874
P,12,3,8,13,3852
P,12,3,8,14,3974
P,12,3,8,15,3969
P,12,3,9,1,3549
P,12,3,9,2,3031
P,12,3,9,3,3250
P,12,3,9,4,3931
P,12,3,9,5,3944
P,12,3,9,6,3829
P,12,3,9,7,3920
P,12,3,9,8,3936
P,12,3,9,9,3903
P,12,3,9,10,3957
P,12,3,9,11,3972
P,12,3,9,12,3835
P,12,3,9,13,3827
P,12,3,9,14,3938
P,12,3,9,15,3918
P,12,3,10,1,3627
P,12,3,10,2,3292
P,12,3,10,3,3443
P,12,3,10,4,3946
P,12,3,10,5,3957
P,12,3,10,6,3880
P,12,3,10,7,3935
P,12,3,10,8,3953
P,12,3,10,9,3951
P,12,3,10,10,3970
P,12,3,10,11,3987
P,12,3,10,12,3891
P,12,3,10,13,3879
P,12,3,10,14,3965
P,12,3,10,15,3934
P,13,1,1,1,2176
P,13,1,1,2,1329
P,13,1,1,3,1532
P,13,1,1,4,2759
P,13,1,1,5,2721
P,13,1,1,6,2597
P,13,1,1,7,2294
P,13,1,1,8,1972
P,13,1,1,9,2121
P,13,1,1,10,2199
P,13,1,1,11,2263
P,13,1,1,12,2144
P,13,1,1,13,2271
P,13,1,1,14,2174
P,13,1,1,15,2133
P,13,1,2,1,2267
P,13,1,2,2,1440
P,13,1,2,3,1640
P,13,1,2,4,2916
P,13,1,2,5,2873
P,13,1,2,6,2702
P,13,1,2,7,2197
P,13,1,2,8,1846
P,13,1,2,9,2089
P,13,1,2,10,2157
P,13,1,2,11,2220
P,13,1,2,12,2109
P,13,1,2,13,2187
P,13,1,2,14,1923
P,13,1,2,15,1894
P,13,1,3,1,2334
P,13,1,3,2,1390
P,13,1,3,3,1589
P,13,1,3,4,2916
P,13,1,3,5,2908
P,13,1,3,6,2689
P,13,1,3,7,2230
P,13,1,3,8,1777
P,13,1,3,9,2084
P,13,1,3,10,2112
P,13,1,3,11,2169
P,13,1,3,12,2007
P,13,1,3,13,1979
P,13,1,3,14,1681
P,13,1,3,15,1553
P,13,1,4,1,3343
P,13,1,4,2,2875
P,13,1,4,3,3110
P,13,1,4,4,3783
P,13,1,4,5,3702
P,13,1,4,6,3504
P,13,1,4,7,3524
P,13,1,4,8,3130
P,13,1,4,9,3136
P,13,1,4,10,3266
P,13,1,4,11,3397
P,13,1,4,12,3142
P,13,1,4,13,3019
P,13,1,4,14,2713
P,13,1,4,15,2154
P,13,1,5,1,3424
P,13,1,5,2,2976
P,13,1,5,3,3233
P,13,1,5,4,3784
P,13,1,5,5,3689
P,13,1,5,6,3514
P,13,1,5,7,3596
P,13,1,5,8,3360
P,13,1,5,9,3421
P,13,1,5,10,3584
P,13,1,5,11,3765
P,13,1,5,12,3626
P,13,1,5,13,3572
P,13,1,5,14,3540
P,13,1,5,15,2887
P,13,1,6,1,3412
P,13,1,6,2,2973
P,13,1,6,3,3254
P,13,1,6,4,3861
P,13,1,6,5,3799
P,13,1,6,6,3622
P,13,1,6,7,3734
P,13,1,6,8,3606
P,13,1,6,9,3670
P,13,1,6,10,3772
P,13,1,6,11,3877
P,13,1,6,12,3749
P,13,1,6,13,3722
P,13,1,6,14,3725
P,13,1,6,15,3210
P,13,1,7,1,3102
P,13,1,7,2,2612
P,13,1,7,3,2889
P,13,1,7,4,3709
P,13,1,7,5,3629
P,13,1,7,6,3278
P,13,1,7,7,3372
P,13,1,7,8,3145
P,13,1,7,9,3226
P,13,1,7,10,3597
P,13,1,7,11,3836
P,13,1,7,12,3703
P,13,1,7,13,3639
P,13,1,7,14,3726
P,13,1,7,15,3238
P,13,1,8,1,3139
P,13,1,8,2,2736
P,13,1,8,3,3050
P,13,1,8,4,3749
P,13,1,8,5,3648
P,13,1,8,6,3380
P,13,1,8,7,3463
P,13,1,8,8,3357
P,13,1,8,9,3423
P,13,1,8,10,3692
P,13,1,8,11,3833
P,13,1,8,12,3740
P,13,1,8,13,3734
P,13,1,8,14,3781
P,13,1,8,15,3322
P,13,1,9,1,3024
P,13,1,9,2,2565
P,13,1,9,3,2911
P,13,1,9,4,3667
P,13,1,9,5,3584
P,13,1,9,6,3297
P,13,1,9,7,3361
P,13,1,9,8,3272
P,13,1,9,9,3364
P,13,1,9,10,3663
P,13,1,9,11,3816
P,13,1,9,12,3708
P,13,1,9,13,3742
P,13,1,9,14,3731
P,13,1,9,15,3042
P,13,1,10,1,2944
P,13,1,10,2,2602
P,13,1,10,3,2943
P,13,1,10,4,3617
P,13,1,10,5,3551
P,13,1,10,6,3292
P,13,1,10,7,3332
P,13,1,10,8,3297
P,13,1,10,9,3433
P,13,1,10,10,3727
P,13,1,10,11,3862
P,13,1,10,12,3789
P,13,1,10,13,3801
P,13,1,10,14,3812
P,13,1,10,15,3237
P,13,2,1,1,1864
P,13,2,1,2,1175
P,13,2,1,3,1170
P,13,2,1,4,2394
P,13,2,1,5,2309
P,13,2,1,6,2169
P,13,2,1,7,1927
P,13,2,1,8,1472
P,13,2,1,9,1662
P,13,2,1,10,1691
P,13,2,1,11,1773
P,13,2,1,12,1658
P,13,2,1,13,1908
P,13,2,1,14,1782
P,13,2,1,15,1757
P,13,2,2,1,2252
P,13,2,2,2,1388
P,13,2,2,3,1457
P,13,2,2,4,2628
P,13,2,2,5,2543
P,13,2,2,6,2391
P,13,2,2,7,1915
P,13,2,2,8,1492
P,13,2,2,9,1748
P,13,2,2,10,1760
P,13,2,2,11,1789
P,13,2,2,12,1656
P,13,2,2,13,1773
P,13,2,2,14,1515
P,13,2,2,15,1480
P,13,2,3,1,2365
P,13,2,3,2,1405
P,13,2,3,3,1423
P,13,2,3,4,2638
P,13,2,3,5,2576
P,13,2,3,6,2355
P,13,2,3,7,1912
P,13,2,3,8,1463
P,13,2,3,9,1779
P,13,2,3,10,1768
P,13,2,3,11,1760
P,13,2,3,12,1590
P,13,2,3,13,1624
P,13,2,3,14,1310
P,13,2,3,15,1170
P,13,2,4,1,3488
P,13,2,4,2,2925
P,13,2,4,3,3112
P,13,2,4,4,3778
P,13,2,4,5,3651
P,13,2,4,6,3402
P,13,2,4,7,3449
P,13,2,4,8,3082
P,13,2,4,9,3001
P,13,2,4,10,2992
P,13,2,4,11,3032
P,13,2,4,12,2654
P,13,2,4,13,2522
P,13,2,4,14,2167
P,13,2,4,15,1671
P,13,2,5,1,3543
P,13,2,5,2,3133
P,13,2,5,3,3245
P,13,2,5,4,3822
P,13,2,5,5,3659
P,13,2,5,6,3443
P,13,2,5,7,3542
P,13,2,5,8,3350
P,13,2,5,9,3295
P,13,2,5,10,3459
P,13,2,5,11,3669
P,13,2,5,12,3456
P,13,2,5,13,3372
P,13,2,5,14,3282
P,13,2,5,15,2654
P,13,2,6,1,3604
P,13,2,6,2,3220
P,13,2,6,3,3310
P,13,2,6,4,3948
P,13,2,6,5,3849
P,13,2,6,6,3624
P,13,2,6,7,3717
P,13,2,6,8,3620
P,13,2,6,9,3604
P,13,2,6,10,3749
P,13,2,6,11,3882
P,13,2,6,12,3704
P,13,2,6,13,3597
P,13,2,6,14,3556
P,13,2,6,15,3050
P,13,2,7,1,3245
P,13,2,7,2,2628
P,13,2,7,3,2857
P,13,2,7,4,3794
P,13,2,7,5,3622
P,13,2,7,6,3276
P,13,2,7,7,3315
P,13,2,7,8,3163
P,13,2,7,9,3145
P,13,2,7,10,3519
P,13,2,7,11,3813
P,13,2,7,12,3601
P,13,2,7,13,3450
P,13,2,7,14,3566
P,13,2,7,15,3055
P,13,2,8,1,3297
P,13,2,8,2,2793
P,13,2,8,3,2997
P,13,2,8,4,3860
P,13,2,8,5,3655
P,13,2,8,6,3327
P,13,2,8,7,3430
P,13,2,8,8,3271
P,13,2,8,9,3301
P,13,2,8,10,3613
P,13,2,8,11,3796
P,13,2,8,12,3633
P,13,2,8,13,3566
P,13,2,8,14,3600
P,13,2,8,15,3094
P,13,2,9,1,3202
P,13,2,9,2,2717
P,13,2,9,3,2970
P,13,2,9,4,3820
P,13,2,9,5,3616
P,13,2,9,6,3314
P,13,2,9,7,3369
P,13,2,9,8,3249
P,13,2,9,9,3292
P,13,2,9,10,3644
P,13,2,9,11,3822
P,13,2,9,12,3635
P,13,2,9,13,3608
P,13,2,9,14,3609
P,13,2,9,15,2858
P,13,2,10,1,3103
P,13,2,10,2,2773
P,13,2,10,3,3032
P,13,2,10,4,3791
P,13,2,10,5,3591
P,13,2,10,6,3319
P,13,2,10,7,3398
P,13,2,10,8,3356
P,13,2,10,9,3476
P,13,2,10,10,3745
P,13,2,10,11,3869
P,13,2,10,12,3781
P,13,2,10,13,3760
P,13,2,10,14,3783
P,13,2,10,15,3182
P,13,3,1,1,1629
P,13,3,1,2,344
P,13,3,1,3,368
P,13,3,1,4,992
P,13,3,1,5,975
P,13,3,1,6,873
P,13,3,1,7,855
P,13,3,1,8,881
P,13,3,1,9,1050
P,13,3,1,10,992
P,13,3,1,11,1095
P,13,3,1,12,1043
P,13,3,1,13,1343
P,13,3,1,14,1153
P,13,3,1,15,1159
P,13,3,2,1,2484
P,13,3,2,2,632
P,13,3,2,3,592
P,13,3,2,4,1410
P,13,3,2,5,1379
P,13,3,2,6,1162
P,13,3,2,7,949
P,13,3,2,8,958
P,13,3,2,9,1278
P,13,3,2,10,1233
P,13,3,2,11,1270
P,13,3,2,12,1232
P,13,3,2,13,1412
P,13,3,2,14,1127
P,13,3,2,15,1101
P,13,3,3,1,2664
P,13,3,3,2,766
P,13,3,3,3,717
P,13,3,3,4,1497
P,13,3,3,5,1463
P,13,3,3,6,1202
P,13,3,3,7,983
P,13,3,3,8,979
P,13,3,3,9,1243
P,13,3,3,10,1225
P,13,3,3,11,1224
P,13,3,3,12,1198
P,13,3,3,13,1321
P,13,3,3,14,1067
P,13,3,3,15,990
P,13,3,4,1,3884
P,13,3,4,2,3535
P,13,3,4,3,3418
P,13,3,4,4,3792
P,13,3,4,5,3856
P,13,3,4,6,3755
P,13,3,4,7,3851
P,13,3,4,8,3822
P,13,3,4,9,3793
P,13,3,4,10,3848
P,13,3,4,11,3876
P,13,3,4,12,3850
P,13,3,4,13,3848
P,13,3,4,14,3687
P,13,3,4,15,3607
P,13,3,5,1,4032
P,13,3,5,2,4029
P,13,3,5,3,4024
P,13,3,5,4,4032
P,13,3,5,5,4032
P,13,3,5,6,4029
P,13,3,5,7,4032
P,13,3,5,8,4032
P,13,3,5,9,4031
P,13,3,5,10,4031
P,13,3,5,11,4032
P,13,3,5,12,4032
P,13,3,5,13,4032
P,13,3,5,14,4032
P,13,3,5,15,4029
P,13,3,6,1,4032
P,13,3,6,2,4029
P,13,3,6,3,4031
P,13,3,6,4,4032
P,13,3,6,5,4032
P,13,3,6,6,4032
P,13,3,6,7,4032
P,13,3,6,8,4032
P,13,3,6,9,4032
P,13,3,6,10,4032
P,13,3,6,11,4032
P,13,3,6,12,4032
P,13,3,6,13,4032
P,13,3,6,14,4032
P,13,3,6,15,4032
P,13,3,7,1,4032
P,13,3,7,2,4029
P,13,3,7,3,4025
P,13,3,7,4,4032
P,13,3,7,5,4032
P,13,3,7,6,4031
P,13,3,7,7,4032
P,13,3,7,8,4032
P,13,3,7,9,4032
P,13,3,7,10,4032
P,13,3,7,11,4032
P,13,3,7,12,4032
P,13,3,7,13,4032
P,13,3,7,14,4032
P,13,3,7,15,4032
P,13,3,8,1,4032
P,13,3,8,2,4031
P,13,3,8,3,4029
P,13,3,8,4,4032
P,13,3,8,5,4032
P,13,3,8,6,4031
P,13,3,8,7,4032
P,13,3,8,8,4032
P,13,3,8,9,4032
P,13,3,8,10,4032
P,13,3,8,11,4032
P,13,3,8,12,4032
P,13,3,8,13,4032
P,13,3,8,14,4032
P,13,3,8,15,4032
P,13,3,9,1,4032
P,13,3,9,2,4028
P,13,3,9,3,4027
P,13,3,9,4,4032
P,13,3,9,5,4032
P,13,3,9,6,4030
P,13,3,9,7,4032
P,13,3,9,8,4032
P,13,3,9,9,4032
P,13,3,9,10,4032
P,13,3,9,11,4032
P,13,3,9,12,4032
P,13,3,9,13,4032
P,13,3,9,14,4032
P,13,3,9,15,4031
P,13,3,10,1,4028
P,13,3,10,2,4021
P,13,3,10,3,4024
P,13,3,10,4,4032
P,13,3,10,5,4030
P,13,3,10,6,4028
P,13,3,10,7,4031
P,13,3,10,8,4032
P,13,3,10,9,4032
P,13,3,10,10,4032
P,13,3,10,11,4032
P,13,3,10,12,4032
P,13,3,10,13,4032
P,13,3,10,14,4032
P,13,3,10,15,4031
P,32 (-Q),1,1,1,2176
P,32 (-Q),1,1,2,1329
P,32 (-Q),1,1,3,1532
P,32 (-Q),1,1,4,2759
P,32 (-Q),1,1,5,2721
P,32 (-Q),1,1,6,2597
P,32 (-Q),1,1,7,2294
P,32 (-Q),1,1,8,1972
P,32 (-Q),1,1,9,2121
P,32 (-Q),1,1,10,2199
P,32 (-Q),1,1,11,2263
P,32 (-Q),1,1,12,2144
P,32 (-Q),1,1,13,2271
P,32 (-Q),1,1,14,2174
P,32 (-Q),1,1,15,2133
P,32 (-Q),1,2,1,2267
P,32 (-Q),1,2,2,1440
P,32 (-Q),1,2,3,1640
P,32 (-Q),1,2,4,2916
P,32 (-Q),1,2,5,2873
P,32 (-Q),1,2,6,2702
P,32 (-Q),1,2,7,2197
P,32 (-Q),1,2,8,1846
P,32 (-Q),1,2,9,2089
P,32 (-Q),1,2,10,2157
P,32 (-Q),1,2,11,2220
P,32 (-Q),1,2,12,2109
P,32 (-Q),1,2,13,2187
P,32 (-Q),1,2,14,1923
P,32 (-Q),1,2,15,1894
P,32 (-Q),1,3,1,2334
P,32 (-Q),1,3,2,1390
P,32 (-Q),1,3,3,1589
P,32 (-Q),1,3,4,2916
P,32 (-Q),1,3,5,2908
P,32 (-Q),1,3,6,2689
P,32 (-Q),1,3,7,2230
P,32 (-Q),1,3,8,1777
P,32 (-Q),1,3,9,2084
P,32 (-Q),1,3,10,2112
P,32 (-Q),1,3,11,2169
P,32 (-Q),1,3,12,2007
P,32 (-Q),1,3,13,1979
P,32 (-Q),1,3,14,1681
P,32 (-Q),1,3,15,1553
P,32 (-Q),1,4,1,3343
P,32 (-Q),1,4,2,2875
P,32 (-Q),1,4,3,3110
P,32 (-Q),1,4,4,3783
P,32 (-Q),1,4,5,3702
P,32 (-Q),1,4,6,3504
P,32 (-Q),1,4,7,3524
P,32 (-Q),1,4,8,3130
P,32 (-Q),1,4,9,3136
P,32 (-Q),1,4,10,3266
P,32 (-Q),1,4,11,3397
P,32 (-Q),1,4,12,3142
P,32 (-Q),1,4,13,3019
P,32 (-Q),1,4,14,2713
P,32 (-Q),1,4,15,2154
P,32 (-Q),1,5,1,3424
P,32 (-Q),1,5,2,2976
P,32 (-Q),1,5,3,3233
P,32 (-Q),1,5,4,3784
P,32 (-Q),1,5,5,3689
P,32 (-Q),1,5,6,3514
P,32 (-Q),1,5,7,3596
P,32 (-Q),1,5,8,3360
P,32 (-Q),1,5,9,3421
P,32 (-Q),1,5,10,3584
P,32 (-Q),1,5,11,3765
P,32 (-Q),1,5,12,3626
P,32 (-Q),1,5,13,3572
P,32 (-Q),1,5,14,3540
P,32 (-Q),1,5,15,2887
P,32 (-Q),1,6,1,3412
P,32 (-Q),1,6,2,2973
P,32 (-Q),1,6,3,3254
P,32 (-Q),1,6,4,3861
P,32 (-Q),1,6,5,3799
P,32 (-Q),1,6,6,3622
P,32 (-Q),1,6,7,3734
P,32 (-Q),1,6,8,3606
P,32 (-Q),1,6,9,3670
P,32 (-Q),1,6,10,3772
P,32 (-Q),1,6,11,3877
P,32 (-Q),1,6,12,3749
P,32 (-Q),1,6,13,3722
P,32 (-Q),1,6,14,3725
P,32 (-Q),1,6,15,3210
P,32 (-Q),1,7,1,3102
P,32 (-Q),1,7,2,2612
P,32 (-Q),1,7,3,2889
P,32 (-Q),1,7,4,3709
P,32 (-Q),1,7,5,3629
P,32 (-Q),1,7,6,3278
P,32 (-Q),1,7,7,3372
P,32 (-Q),1,7,8,3145
P,32 (-Q),1,7,9,3226
P,32 (-Q),1,7,10,3597
P,32 (-Q),1,7,11,3836
P,32 (-Q),1,7,12,3703
P,32 (-Q),1,7,13,3639
P,32 (-Q),1,7,14,3726
P,32 (-Q),1,7,15,3238
P,32 (-Q),1,8,1,3139
P,32 (-Q),1,8,2,2736
P,32 (-Q),1,8,3,3050
P,32 (-Q),1,8,4,3749
P,32 (-Q),1,8,5,3648
P,32 (-Q),1,8,6,3380
P,32 (-Q),1,8,7,3463
P,32 (-Q),1,8,8,3357
P,32 (-Q),1,8,9,3423
P,32 (-Q),1,8,10,3692
P,32 (-Q),1,8,11,3833
P,32 (-Q),1,8,12,3740
P,32 (-Q),1,8,13,3734
P,32 (-Q),1,8,14,3781
P,32 (-Q),1,8,15,3322
P,32 (-Q),1,9,1,3024
P,32 (-Q),1,9,2,2565
P,32 (-Q),1,9,3,2911
P,32 (-Q),1,9,4,3667
P,32 (-Q),1,9,5,3584
P,32 (-Q),1,9,6,3297
P,32 (-Q),1,9,7,3361
P,32 (-Q),1,9,8,3272
P,32 (-Q),1,9,9,3364
P,32 (-Q),1,9,10,3663
P,32 (-Q),1,9,11,3816
P,32 (-Q),1,9,12,3708
P,32 (-Q),1,9,13,3742
P,32 (-Q),1,9,14,3731
P,32 (-Q),1,9,15,3042
P,32 (-Q),1,10,1,2944
P,32 (-Q),1,10,2,2602
P,32 (-Q),1,10,3,2943
P,32 (-Q),1,10,4,3617
P,32 (-Q),1,10,5,3551
P,32 (-Q),1,10,6,3292
P,32 (-Q),1,10,7,3332
P,32 (-Q),1,10,8,3297
P,32 (-Q),1,10,9,3433
P,32 (-Q),1,10,10,3727
P,32 (-Q),1,10,11,3862
P,32 (-Q),1,10,12,3789
P,32 (-Q),1,10,13,3801
P,32 (-Q),1,10,14,3812
P,32 (-Q),1,10,15,3237
P,32 (-Q),2,1,1,1864
P,32 (-Q),2,1,2,1175
P,32 (-Q),2,1,3,1170
P,32 (-Q),2,1,4,2394
P,32 (-Q),2,1,5,2309
P,32 (-Q),2,1,6,2169
P,32 (-Q),2,1,7,1927
P,32 (-Q),2,1,8,1472
P,32 (-Q),2,1,9,1662
P,32 (-Q),2,1,10,1691
P,32 (-Q),2,1,11,1773
P,32 (-Q),2,1,12,1658
P,32 (-Q),2,1,13,1908
P,32 (-Q),2,1,14,1782
P,32 (-Q),2,1,15,1757
P,32 (-Q),2,2,1,2252
P,32 (-Q),2,2,2,1388
P,32 (-Q),2,2,3,1457
P,32 (-Q),2,2,4,2628
P,32 (-Q),2,2,5,2543
P,32 (-Q),2,2,6,2391
P,32 (-Q),2,2,7,1915
P,32 (-Q),2,2,8,1492
P,32 (-Q),2,2,9,1748
P,32 (-Q),2,2,10,1760
P,32 (-Q),2,2,11,1789
P,32 (-Q),2,2,12,1656
P,32 (-Q),2,2,13,1773
P,32 (-Q),2,2,14,1515
P,32 (-Q),2,2,15,1480
P,32 (-Q),2,3,1,2365
P,32 (-Q),2,3,2,1405
P,32 (-Q),2,3,3,1423
P,32 (-Q),2,3,4,2638
P,32 (-Q),2,3,5,2576
P,32 (-Q),2,3,6,2355
P,32 (-Q),2,3,7,1912
P,32 (-Q),2,3,8,1463
P,32 (-Q),2,3,9,1779
P,32 (-Q),2,3,10,1768
P,32 (-Q),2,3,11,1760
P,32 (-Q),2,3,12,1590
P,32 (-Q),2,3,13,1624
P,32 (-Q),2,3,14,1310
P,32 (-Q),2,3,15,1170
P,32 (-Q),2,4,1,3488
P,32 (-Q),2,4,2,2925
P,32 (-Q),2,4,3,3112
P,32 (-Q),2,4,4,3778
P,32 (-Q),2,4,5,3651
P,32 (-Q),2,4,6,3402
P,32 (-Q),2,4,7,3449
P,32 (-Q),2,4,8,3082
P,32 (-Q),2,4,9,3001
P,32 (-Q),2,4,10,2992
P,32 (-Q),2,4,11,3032
P,32 (-Q),2,4,12,2654
P,32 (-Q),2,4,13,2522
P,32 (-Q),2,4,14,2167
P,32 (-Q),2,4,15,1671
P,32 (-Q),2,5,1,3543
P,32 (-Q),2,5,2,3133
P,32 (-Q),2,5,3,3245
P,32 (-Q),2,5,4,3822
P,32 (-Q),2,5,5,3659
P,32 (-Q),2,5,6,3443
P,32 (-Q),2,5,7,3542
P,32 (-Q),2,5,8,3350
P,32 (-Q),2,5,9,3295
P,32 (-Q),2,5,10,3459
P,32 (-Q),2,5,11,3669
P,32 (-Q),2,5,12,3456
P,32 (-Q),2,5,13,3372
P,32 (-Q),2,5,14,3282
P,32 (-Q),2,5,15,2654
P,32 (-Q),2,6,1,3604
P,32 (-Q),2,6,2,3220
P,32 (-Q),2,6,3,3310
P,32 (-Q),2,6,4,3948
P,32 (-Q),2,6,5,3849
P,32 (-Q),2,6,6,3624
P,32 (-Q),2,6,7,3717
P,32 (-Q),2,6,8,3620
P,32 (-Q),2,6,9,3604
P,32 (-Q),2,6,10,3749
P,32 (-Q),2,6,11,3882
P,32 (-Q),2,6,12,3704
P,32 (-Q),2,6,13,3597
P,32 (-Q),2,6,14,3556
P,32 (-Q),2,6,15,3050
P,32 (-Q),2,7,1,3245
P,32 (-Q),2,7,2,2628
P,32 (-Q),2,7,3,2857
P,32 (-Q),2,7,4,3794
P,32 (-Q),2,7,5,3622
P,32 (-Q),2,7,6,3276
P,32 (-Q),2,7,7,3315
P,32 (-Q),2,7,8,3163
P,32 (-Q),2,7,9,3145
P,32 (-Q),2,7,10,3519
P,32 (-Q),2,7,11,3813
P,32 (-Q),2,7,12,3601
P,32 (-Q),2,7,13,3450
P,32 (-Q),2,7,14,3566
P,32 (-Q),2,7,15,3055
P,32 (-Q),2,8,1,3297
P,32 (-Q),2,8,2,2793
P,32 (-Q),2,8,3,2997
P,32 (-Q),2,8,4,3860
P,32 (-Q),2,8,5,3655
P,32 (-Q),2,8,6,3327
P,32 (-Q),2,8,7,3430
P,32 (-Q),2,8,8,3271
P,32 (-Q),2,8,9,3301
P,32 (-Q),2,8,10,3613
P,32 (-Q),2,8,11,3796
P,32 (-Q),2,8,12,3633
P,32 (-Q),2,8,13,3566
P,32 (-Q),2,8,14,3600
P,32 (-Q),2,8,15,3094
P,32 (-Q),2,9,1,3202
P,32 (-Q),2,9,2,2717
P,32 (-Q),2,9,3,2970
P,32 (-Q),2,9,4,3820
P,32 (-Q),2,9,5,3616
P,32 (-Q),2,9,6,3314
P,32 (-Q),2,9,7,3369
P,32 (-Q),2,9,8,3249
P,32 (-Q),2,9,9,3292
P,32 (-Q),2,9,10,3644
P,32 (-Q),2,9,11,3822
P,32 (-Q),2,9,12,3635
P,32 (-Q),2,9,13,3608
P,32 (-Q),2,9,14,3609
P,32 (-Q),2,9,15,2858
P,32 (-Q),2,10,1,3103
P,32 (-Q),2,10,2,2773
P,32 (-Q),2,10,3,3032
P,32 (-Q),2,10,4,3791
P,32 (-Q),2,10,5,3591
P,32 (-Q),2,10,6,3319
P,32 (-Q),2,10,7,3398
P,32 (-Q),2,10,8,3356
P,32 (-Q),2,10,9,3476
P,32 (-Q),2,10,10,3745
P,32 (-Q),2,10,11,3869
P,32 (-Q),2,10,12,3781
P,32 (-Q),2,10,13,3760
P,32 (-Q),2,10,14,3783
P,32 (-Q),2,10,15,3182
P,32 (-Q),3,1,1,1629
P,32 (-Q),3,1,2,344
P,32 (-Q),3,1,3,368
P,32 (-Q),3,1,4,992
P,32 (-Q),3,1,5,975
P,32 (-Q),3,1,6,873
P,32 (-Q),3,1,7,855
P,32 (-Q),3,1,8,881
P,32 (-Q),3,1,9,1050
P,32 (-Q),3,1,10,992
P,32 (-Q),3,1,11,1095
P,32 (-Q),3,1,12,1043
P,32 (-Q),3,1,13,1343
P,32 (-Q),3,1,14,1153
P,32 (-Q),3,1,15,1159
P,32 (-Q),3,2,1,2484
P,32 (-Q),3,2,2,632
P,32 (-Q),3,2,3,592
P,32 (-Q),3,2,4,1410
P,32 (-Q),3,2,5,1379
P,32 (-Q),3,2,6,1162
P,32 (-Q),3,2,7,949
P,32 (-Q),3,2,8,958
P,32 (-Q),3,2,9,1278
P,32 (-Q),3,2,10,1233
P,32 (-Q),3,2,11,1270
P,32 (-Q),3,2,12,1232
P,32 (-Q),3,2,13,1412
P,32 (-Q),3,2,14,1127
P,32 (-Q),3,2,15,1101
P,32 (-Q),3,3,1,2664
P,32 (-Q),3,3,2,766
P,32 (-Q),3,3,3,717
P,32 (-Q),3,3,4,1497
P,32 (-Q),3,3,5,1463
P,32 (-Q),3,3,6,1202
P,32 (-Q),3,3,7,983
P,32 (-Q),3,3,8,979
P,32 (-Q),3,3,9,1243
P,32 (-Q),3,3,10,1225
P,32 (-Q),3,3,11,1224
P,32 (-Q),3,3,12,1198
P,32 (-Q),3,3,13,1321
P,32 (-Q),3,3,14,1067
P,32 (-Q),3,3,15,990
P,32 (-Q),3,4,1,3884
P,32 (-Q),3,4,2,3535
P,32 (-Q),3,4,3,3418
P,32 (-Q),3,4,4,3792
P,32 (-Q),3,4,5,3856
P,32 (-Q),3,4,6,3755
P,32 (-Q),3,4,7,3851
P,32 (-Q),3,4,8,3822
P,32 (-Q),3,4,9,3793
P,32 (-Q),3,4,10,3848
P,32 (-Q),3,4,11,3876
P,32 (-Q),3,4,12,3850
P,32 (-Q),3,4,13,3848
P,32 (-Q),3,4,14,3687
P,32 (-Q),3,4,15,3607
P,32 (-Q),3,5,1,4032
P,32 (-Q),3,5,2,4029
P,32 (-Q),3,5,3,4024
P,32 (-Q),3,5,4,4032
P,32 (-Q),3,5,5,4032
P,32 (-Q),3,5,6,4029
P,32 (-Q),3,5,7,4032
P,32 (-Q),3,5,8,4032
P,32 (-Q),3,5,9,4031
P,32 (-Q),3,5,10,4031
P,32 (-Q),3,5,11,4032
P,32 (-Q),3,5,12,4032
P,32 (-Q),3,5,13,4032
P,32 (-Q),3,5,14,4032
P,32 (-Q),3,5,15,4029
P,32 (-Q),3,6,1,4032
P,32 (-Q),3,6,2,4029
P,32 (-Q),3,6,3,4031
P,32 (-Q),3,6,4,4032
P,32 (-Q),3,6,5,4032
P,32 (-Q),3,6,6,4032
P,32 (-Q),3,6,7,4032
P,32 (-Q),3,6,8,4032
P,32 (-Q),3,6,9,4032
P,32 (-Q),3,6,10,4032
P,32 (-Q),3,6,11,4032
P,32 (-Q),3,6,12,4032
P,32 (-Q),3,6,13,4032
P,32 (-Q),3,6,14,4032
P,32 (-Q),3,6,15,4032
P,32 (-Q),3,7,1,4032
P,32 (-Q),3,7,2,4029
P,32 (-Q),3,7,3,4025
P,32 (-Q),3,7,4,4032
P,32 (-Q),3,7,5,4032
P,32 (-Q),3,7,6,4031
P,32 (-Q),3,7,7,4032
P,32 (-Q),3,7,8,4032
P,32 (-Q),3,7,9,4032
P,32 (-Q),3,7,10,4032
P,32 (-Q),3,7,11,4032
P,32 (-Q),3,7,12,4032
P,32 (-Q),3,7,13,4032
P,32 (-Q),3,7,14,4032
P,32 (-Q),3,7,15,4032
P,32 (-Q),3,8,1,4032
P,32 (-Q),3,8,2,4031
P,32 (-Q),3,8,3,4029
P,32 (-Q),3,8,4,4032
P,32 (-Q),3,8,5,4032
P,32 (-Q),3,8,6,4031
P,32 (-Q),3,8,7,4032
P,32 (-Q),3,8,8,4032
P,32 (-Q),3,8,9,4032
P,32 (-Q),3,8,10,4032
P,32 (-Q),3,8,11,4032
P,32 (-Q),3,8,12,4032
P,32 (-Q),3,8,13,4032
P,32 (-Q),3,8,14,4032
P,32 (-Q),3,8,15,4032
P,32 (-Q),3,9,1,4032
P,32 (-Q),3,9,2,4028
P,32 (-Q),3,9,3,4027
P,32 (-Q),3,9,4,4032
P,32 (-Q),3,9,5,4032
P,32 (-Q),3,9,6,4030
P,32 (-Q),3,9,7,4032
P,32 (-Q),3,9,8,4032
P,32 (-Q),3,9,9,4032
P,32 (-Q),3,9,10,4032
P,32 (-Q),3,9,11,4032
P,32 (-Q),3,9,12,4032
P,32 (-Q),3,9,13,4032
P,32 (-Q),3,9,14,4032
P,32 (-Q),3,9,15,4031
P,32 (-Q),3,10,1,4028
P,32 (-Q),3,10,2,4021
P,32 (-Q),3,10,3,4024
P,32 (-Q),3,10,4,4032
P,32 (-Q),3,10,5,4030
P,32 (-Q),3,10,6,4028
P,32 (-Q),3,10,7,4031
P,32 (-Q),3,10,8,4032
P,32 (-Q),3,10,9,4032
P,32 (-Q),3,10,10,4032
P,32 (-Q),3,10,11,4032
P,32 (-Q),3,10,12,4032
P,32 (-Q),3,10,13,4032
P,32 (-Q),3,10,14,4032
P,32 (-Q),3,10,15,4031
R,11,1,1,1,1242
R,11,1,1,2,2097
R,11,1,1,3,1906
R,11,1,1,4,1570
R,11,1,1,5,1686
R,11,1,1,6,1633
R,11,1,1,7,1823
R,11,1,1,8,1901
R,11,1,1,9,2017
R,11,1,1,10,2005
R,11,1,1,11,1763
R,11,1,1,12,1927
R,11,1,1,13,1898
R,11,1,1,14,2346
R,11,1,1,15,2694
R,11,1,2,1,1163
R,11,1,2,2,2041
R,11,1,2,3,1831
R,11,1,2,4,1533
R,11,1,2,5,1659
R,11,1,2,6,1541
R,11,1,2,7,1821
R,11,1,2,8,1915
R,11,1,2,9,1899
R,11,1,2,10,1842
R,11,1,2,11,1602
R,11,1,2,12,1784
R,11,1,2,13,1764
R,11,1,2,14,2213
R,11,1,2,15,2655
R,11,1,3,1,1379
R,11,1,3,2,2100
R,11,1,3,3,1931
R,11,1,3,4,1624
R,11,1,3,5,1764
R,11,1,3,6,1635
R,11,1,3,7,1929
R,11,1,3,8,2042
R,11,1,3,9,2019
R,11,1,3,10,1975
R,11,1,3,11,1781
R,11,1,3,12,1938
R,11,1,3,13,1937
R,11,1,3,14,2421
R,11,1,3,15,2855
R,11,1,4,1,138
R,11,1,4,2,434
R,11,1,4,3,341
R,11,1,4,4,260
R,11,1,4,5,366
R,11,1,4,6,413
R,11,1,4,7,455
R,11,1,4,8,716
R,11,1,4,9,563
R,11,1,4,10,476
R,11,1,4,11,372
R,11,1,4,12,452
R,11,1,4,13,489
R,11,1,4,14,933
R,11,1,4,15,1992
R,11,1,5,1,138
R,11,1,5,2,380
R,11,1,5,3,342
R,11,1,5,4,243
R,11,1,5,5,334
R,11,1,5,6,429
R,11,1,5,7,448
R,11,1,5,8,621
R,11,1,5,9,473
R,11,1,5,10,290
R,11,1,5,11,168
R,11,1,5,12,180
R,11,1,5,13,177
R,11,1,5,14,239
R,11,1,5,15,1014
R,11,1,6,1,166
R,11,1,6,2,458
R,11,1,6,3,392
R,11,1,6,4,249
R,11,1,6,5,315
R,11,1,6,6,451
R,11,1,6,7,431
R,11,1,6,8,570
R,11,1,6,9,413
R,11,1,6,10,222
R,11,1,6,11,122
R,11,1,6,12,140
R,11,1,6,13,128
R,11,1,6,14,156
R,11,1,6,15,866
R,11,1,7,1,541
R,11,1,7,2,1137
R,11,1,7,3,883
R,11,1,7,4,665
R,11,1,7,5,767
R,11,1,7,6,1069
R,11,1,7,7,989
R,11,1,7,8,1175
R,11,1,7,9,991
R,11,1,7,10,656
R,11,1,7,11,288
R,11,1,7,12,316
R,11,1,7,13,345
R,11,1,7,14,244
R,11,1,7,15,1065
R,11,1,8,1,395
R,11,1,8,2,884
R,11,1,8,3,602
R,11,1,8,4,402
R,11,1,8,5,533
R,11,1,8,6,797
R,11,1,8,7,699
R,11,1,8,8,819
R,11,1,8,9,607
R,11,1,8,10,389
R,11,1,8,11,163
R,11,1,8,12,191
R,11,1,8,13,163
R,11,1,8,14,149
R,11,1,8,15,824
R,11,1,9,1,414
R,11,1,9,2,862
R,11,1,9,3,559
R,11,1,9,4,451
R,11,1,9,5,526
R,11,1,9,6,723
R,11,1,9,7,673
R,11,1,9,8,777
R,11,1,9,9,581
R,11,1,9,10,347
R,11,1,9,11,122
R,11,1,9,12,126
R,11,1,9,13,103
R,11,1,9,14,134
R,11,1,9,15,905
R,11,1,10,1,492
R,11,1,10,2,886
R,11,1,10,3,668
R,11,1,10,4,508
R,11,1,10,5,601
R,11,1,10,6,777
R,11,1,10,7,717
R,11,1,10,8,746
R,11,1,10,9,555
R,11,1,10,10,276
R,11,1,10,11,103
R,11,1,10,12,80
R,11,1,10,13,68
R,11,1,10,14,87
R,11,1,10,15,687
R,11,2,1,1,1368
R,11,2,1,2,2202
R,11,2,1,3,2204
R,11,2,1,4,1915
R,11,2,1,5,1923
R,11,2,1,6,1784
R,11,2,1,7,1972
R,11,2,1,8,2113
R,11,2,1,9,2276
R,11,2,1,10,2266
R,11,2,1,11,2062
R,11,2,1,12,2214
R,11,2,1,13,2224
R,11,2,1,14,2590
R,11,2,1,15,2853
R,11,2,2,1,1008
R,11,2,2,2,2015
R,11,2,2,3,1998
R,11,2,2,4,1781
R,11,2,2,5,1789
R,11,2,2,6,1647
R,11,2,2,7,1951
R,11,2,2,8,2070
R,11,2,2,9,2063
R,11,2,2,10,2060
R,11,2,2,11,1911
R,11,2,2,12,2070
R,11,2,2,13,2060
R,11,2,2,14,2457
R,11,2,2,15,2820
R,11,2,3,1,1194
R,11,2,3,2,2038
R,11,2,3,3,2056
R,11,2,3,4,1863
R,11,2,3,5,1887
R,11,2,3,6,1731
R,11,2,3,7,2029
R,11,2,3,8,2183
R,11,2,3,9,2137
R,11,2,3,10,2096
R,11,2,3,11,2000
R,11,2,3,12,2134
R,11,2,3,13,2158
R,11,2,3,14,2603
R,11,2,3,15,2975
R,11,2,4,1,48
R,11,2,4,2,346
R,11,2,4,3,182
R,11,2,4,4,127
R,11,2,4,5,207
R,11,2,4,6,263
R,11,2,4,7,305
R,11,2,4,8,587
R,11,2,4,9,478
R,11,2,4,10,464
R,11,2,4,11,491
R,11,2,4,12,642
R,11,2,4,13,848
R,11,2,4,14,1333
R,11,2,4,15,2324
R,11,2,5,1,24
R,11,2,5,2,159
R,11,2,5,3,158
R,11,2,5,4,88
R,11,2,5,5,179
R,11,2,5,6,263
R,11,2,5,7,289
R,11,2,5,8,414
R,11,2,5,9,356
R,11,2,5,10,244
R,11,2,5,11,193
R,11,2,5,12,193
R,11,2,5,13,259
R,11,2,5,14,382
R,11,2,5,15,1016
R,11,2,6,1,20
R,11,2,6,2,151
R,11,2,6,3,144
R,11,2,6,4,73
R,11,2,6,5,146
R,11,2,6,6,243
R,11,2,6,7,270
R,11,2,6,8,344
R,11,2,6,9,286
R,11,2,6,10,171
R,11,2,6,11,95
R,11,2,6,12,122
R,11,2,6,13,181
R,11,2,6,14,267
R,11,2,6,15,889
R,11,2,7,1,173
R,11,2,7,2,682
R,11,2,7,3,505
R,11,2,7,4,293
R,11,2,7,5,488
R,11,2,7,6,843
R,11,2,7,7,839
R,11,2,7,8,978
R,11,2,7,9,797
R,11,2,7,10,587
R,11,2,7,11,281
R,11,2,7,12,365
R,11,2,7,13,504
R,11,2,7,14,404
R,11,2,7,15,1136
R,11,2,8,1,122
R,11,2,8,2,396
R,11,2,8,3,281
R,11,2,8,4,142
R,11,2,8,5,295
R,11,2,8,6,530
R,11,2,8,7,537
R,11,2,8,8,665
R,11,2,8,9,500
R,11,2,8,10,333
R,11,2,8,11,159
R,11,2,8,12,218
R,11,2,8,13,225
R,11,2,8,14,247
R,11,2,8,15,964
R,11,2,9,1,125
R,11,2,9,2,362
R,11,2,9,3,203
R,11,2,9,4,140
R,11,2,9,5,284
R,11,2,9,6,451
R,11,2,9,7,465
R,11,2,9,8,605
R,11,2,9,9,446
R,11,2,9,10,242
R,11,2,9,11,98
R,11,2,9,12,135
R,11,2,9,13,118
R,11,2,9,14,152
R,11,2,9,15,1014
R,11,2,10,1,155
R,11,2,10,2,371
R,11,2,10,3,258
R,11,2,10,4,181
R,11,2,10,5,321
R,11,2,10,6,497
R,11,2,10,7,512
R,11,2,10,8,572
R,11,2,10,9,410
R,11,2,10,10,201
R,11,2,10,11,70
R,11,2,10,12,59
R,11,2,10,13,54
R,11,2,10,14,87
R,11,2,10,15,727
R,11,3,1,1,1729
R,11,3,1,2,3059
R,11,3,1,3,3253
R,11,3,1,4,3145
R,11,3,1,5,3162
R,11,3,1,6,3095
R,11,3,1,7,3225
R,11,3,1,8,2979
R,11,3,1,9,3084
R,11,3,1,10,3086
R,11,3,1,11,2926
R,11,3,1,12,2882
R,11,3,1,13,2772
R,11,3,1,14,3128
R,11,3,1,15,3296
R,11,3,2,1,1153
R,11,3,2,2,2761
R,11,3,2,3,2995
R,11,3,2,4,2920
R,11,3,2,5,2894
R,11,3,2,6,2803
R,11,3,2,7,3016
R,11,3,2,8,2891
R,11,3,2,9,2880
R,11,3,2,10,2865
R,11,3,2,11,2701
R,11,3,2,12,2653
R,11,3,2,13,2557
R,11,3,2,14,2972
R,11,3,2,15,3162
R,11,3,3,1,1376
R,11,3,3,2,2721
R,11,3,3,3,2953
R,11,3,3,4,2867
R,11,3,3,5,2846
R,11,3,3,6,2768
R,11,3,3,7,3011
R,11,3,3,8,2898
R,11,3,3,9,2904
R,11,3,3,10,2856
R,11,3,3,11,2690
R,11,3,3,12,2604
R,11,3,3,13,2586
R,11,3,3,14,3071
R,11,3,3,15,3283
R,11,3,4,1,52
R,11,3,4,2,173
R,11,3,4,3,150
R,11,3,4,4,132
R,11,3,4,5,90
R,11,3,4,6,84
R,11,3,4,7,54
R,11,3,4,8,53
R,11,3,4,9,47
R,11,3,4,10,46
R,11,3,4,11,33
R,11,3,4,12,30
R,11,3,4,13,26
R,11,3,4,14,84
R,11,3,4,15,146
R,11,3,10,5,1
R,12,1,1,1,3634
R,12,1,1,2,3857
R,12,1,1,3,3658
R,12,1,1,4,1776
R,12,1,1,5,1686
R,12,1,1,6,2200
R,12,1,1,7,2503
R,12,1,1,8,2443
R,12,1,1,9,2060
R,12,1,1,10,2111
R,12,1,1,11,2016
R,12,1,1,12,2258
R,12,1,1,13,2156
R,12,1,1,14,1993
R,12,1,1,15,1979
R,12,1,2,1,3434
R,12,1,2,2,3717
R,12,1,2,3,3484
R,12,1,2,4,1609
R,12,1,2,5,1569
R,12,1,2,6,1923
R,12,1,2,7,2305
R,12,1,2,8,2344
R,12,1,2,9,2084
R,12,1,2,10,2161
R,12,1,2,11,2135
R,12,1,2,12,2318
R,12,1,2,13,2287
R,12,1,2,14,2227
R,12,1,2,15,2201
R,12,1,3,1,3369
R,12,1,3,2,3728
R,12,1,3,3,3436
R,12,1,3,4,1622
R,12,1,3,5,1564
R,12,1,3,6,1966
R,12,1,3,7,2238
R,12,1,3,8,2259
R,12,1,3,9,1997
R,12,1,3,10,2028
R,12,1,3,11,2067
R,12,1,3,12,2367
R,12,1,3,13,2415
R,12,1,3,14,2419
R,12,1,3,15,2425
R,12,1,4,1,2179
R,12,1,4,2,2758
R,12,1,4,3,2204
R,12,1,4,4,514
R,12,1,4,5,518
R,12,1,4,6,890
R,12,1,4,7,793
R,12,1,4,8,931
R,12,1,4,9,1078
R,12,1,4,10,1145
R,12,1,4,11,1098
R,12,1,4,12,1659
R,12,1,4,13,1835
R,12,1,4,14,1773
R,12,1,4,15,2052
R,12,1,5,1,1851
R,12,1,5,2,2397
R,12,1,5,3,1884
R,12,1,5,4,431
R,12,1,5,5,428
R,12,1,5,6,761
R,12,1,5,7,673
R,12,1,5,8,745
R,12,1,5,9,846
R,12,1,5,10,913
R,12,1,5,11,810
R,12,1,5,12,1224
R,12,1,5,13,1398
R,12,1,5,14,1316
R,12,1,5,15,1588
R,12,1,6,1,1758
R,12,1,6,2,2308
R,12,1,6,3,1871
R,12,1,6,4,253
R,12,1,6,5,267
R,12,1,6,6,508
R,12,1,6,7,448
R,12,1,6,8,527
R,12,1,6,9,603
R,12,1,6,10,655
R,12,1,6,11,622
R,12,1,6,12,1020
R,12,1,6,13,1189
R,12,1,6,14,1059
R,12,1,6,15,1344
R,12,1,7,1,2071
R,12,1,7,2,2780
R,12,1,7,3,2311
R,12,1,7,4,429
R,12,1,7,5,431
R,12,1,7,6,774
R,12,1,7,7,678
R,12,1,7,8,857
R,12,1,7,9,962
R,12,1,7,10,871
R,12,1,7,11,729
R,12,1,7,12,1125
R,12,1,7,13,1250
R,12,1,7,14,1022
R,12,1,7,15,1371
R,12,1,8,1,2099
R,12,1,8,2,2774
R,12,1,8,3,2313
R,12,1,8,4,463
R,12,1,8,5,457
R,12,1,8,6,780
R,12,1,8,7,730
R,12,1,8,8,897
R,12,1,8,9,952
R,12,1,8,10,824
R,12,1,8,11,715
R,12,1,8,12,1113
R,12,1,8,13,1168
R,12,1,8,14,952
R,12,1,8,15,1237
R,12,1,9,1,2013
R,12,1,9,2,2653
R,12,1,9,3,2227
R,12,1,9,4,490
R,12,1,9,5,529
R,12,1,9,6,868
R,12,1,9,7,808
R,12,1,9,8,975
R,12,1,9,9,1025
R,12,1,9,10,868
R,12,1,9,11,800
R,12,1,9,12,1216
R,12,1,9,13,1268
R,12,1,9,14,1001
R,12,1,9,15,1414
R,12,1,10,1,1744
R,12,1,10,2,2273
R,12,1,10,3,1846
R,12,1,10,4,435
R,12,1,10,5,480
R,12,1,10,6,787
R,12,1,10,7,771
R,12,1,10,8,922
R,12,1,10,9,851
R,12,1,10,10,725
R,12,1,10,11,659
R,12,1,10,12,1038
R,12,1,10,13,1152
R,12,1,10,14,874
R,12,1,10,15,1273
R,12,2,1,1,3862
R,12,2,1,2,3949
R,12,2,1,3,3812
R,12,2,1,4,2232
R,12,2,1,5,2165
R,12,2,1,6,2656
R,12,2,1,7,2630
R,12,2,1,8,2754
R,12,2,1,9,2331
R,12,2,1,10,2469
R,12,2,1,11,2435
R,12,2,1,12,2667
R,12,2,1,13,2462
R,12,2,1,14,2242
R,12,2,1,15,2202
R,12,2,2,1,3426
R,12,2,2,2,3749
R,12,2,2,3,3525
R,12,2,2,4,1896
R,12,2,2,5,1839
R,12,2,2,6,2143
R,12,2,2,7,2441
R,12,2,2,8,2547
R,12,2,2,9,2269
R,12,2,2,10,2407
R,12,2,2,11,2432
R,12,2,2,12,2628
R,12,2,2,13,2560
R,12,2,2,14,2504
R,12,2,2,15,2501
R,12,2,3,1,3283
R,12,2,3,2,3676
R,12,2,3,3,3447
R,12,2,3,4,1884
R,12,2,3,5,1821
R,12,2,3,6,2166
R,12,2,3,7,2330
R,12,2,3,8,2385
R,12,2,3,9,2072
R,12,2,3,10,2198
R,12,2,3,11,2257
R,12,2,3,12,2549
R,12,2,3,13,2571
R,12,2,3,14,2591
R,12,2,3,15,2663
R,12,2,4,1,2322
R,12,2,4,2,3140
R,12,2,4,3,2559
R,12,2,4,4,800
R,12,2,4,5,774
R,12,2,4,6,1202
R,12,2,4,7,1068
R,12,2,4,8,1172
R,12,2,4,9,1378
R,12,2,4,10,1529
R,12,2,4,11,1572
R,12,2,4,12,2113
R,12,2,4,13,2172
R,12,2,4,14,2121
R,12,2,4,15,2440
R,12,2,5,1,2189
R,12,2,5,2,2821
R,12,2,5,3,2355
R,12,2,5,4,711
R,12,2,5,5,694
R,12,2,5,6,1059
R,12,2,5,7,901
R,12,2,5,8,972
R,12,2,5,9,1193
R,12,2,5,10,1251
R,12,2,5,11,1142
R,12,2,5,12,1616
R,12,2,5,13,1634
R,12,2,5,14,1580
R,12,2,5,15,1866
R,12,2,6,1,2021
R,12,2,6,2,2658
R,12,2,6,3,2266
R,12,2,6,4,424
R,12,2,6,5,347
R,12,2,6,6,630
R,12,2,6,7,474
R,12,2,6,8,464
R,12,2,6,9,657
R,12,2,6,10,711
R,12,2,6,11,605
R,12,2,6,12,1079
R,12,2,6,13,1168
R,12,2,6,14,1050
R,12,2,6,15,1344
R,12,2,7,1,2453
R,12,2,7,2,3135
R,12,2,7,3,2746
R,12,2,7,4,692
R,12,2,7,5,567
R,12,2,7,6,946
R,12,2,7,7,766
R,12,2,7,8,810
R,12,2,7,9,1168
R,12,2,7,10,946
R,12,2,7,11,773
R,12,2,7,12,1271
R,12,2,7,13,1335
R,12,2,7,14,1058
R,12,2,7,15,1375
R,12,2,8,1,2466
R,12,2,8,2,3120
R,12,2,8,3,2738
R,12,2,8,4,719
R,12,2,8,5,601
R,12,2,8,6,954
R,12,2,8,7,795
R,12,2,8,8,869
R,12,2,8,9,1158
R,12,2,8,10,927
R,12,2,8,11,834
R,12,2,8,12,1318
R,12,2,8,13,1299
R,12,2,8,14,1057
R,12,2,8,15,1329
R,12,2,9,1,2416
R,12,2,9,2,2986
R,12,2,9,3,2680
R,12,2,9,4,719
R,12,2,9,5,655
R,12,2,9,6,1066
R,12,2,9,7,908
R,12,2,9,8,954
R,12,2,9,9,1183
R,12,2,9,10,975
R,12,2,9,11,938
R,12,2,9,12,1440
R,12,2,9,13,1409
R,12,2,9,14,1153
R,12,2,9,15,1583
R,12,2,10,1,2059
R,12,2,10,2,2685
R,12,2,10,3,2293
R,12,2,10,4,543
R,12,2,10,5,526
R,12,2,10,6,898
R,12,2,10,7,784
R,12,2,10,8,847
R,12,2,10,9,862
R,12,2,10,10,718
R,12,2,10,11,689
R,12,2,10,12,1152
R,12,2,10,13,1181
R,12,2,10,14,899
R,12,2,10,15,1309
R,12,3,1,1,3650
R,12,3,1,2,4017
R,12,3,1,3,3978
R,12,3,1,4,3247
R,12,3,1,5,3142
R,12,3,1,6,3440
R,12,3,1,7,3470
R,12,3,1,8,3320
R,12,3,1,9,3021
R,12,3,1,10,3123
R,12,3,1,11,3066
R,12,3,1,12,3223
R,12,3,1,13,2998
R,12,3,1,14,3002
R,12,3,1,15,2913
R,12,3,2,1,2977
R,12,3,2,2,3917
R,12,3,2,3,3823
R,12,3,2,4,2734
R,12,3,2,5,2616
R,12,3,2,6,3074
R,12,3,2,7,3276
R,12,3,2,8,3209
R,12,3,2,9,2866
R,12,3,2,10,2982
R,12,3,2,11,2997
R,12,3,2,12,3124
R,12,3,2,13,2999
R,12,3,2,14,3092
R,12,3,2,15,3026
R,12,3,3,1,2658
R,12,3,3,2,3854
R,12,3,3,3,3707
R,12,3,3,4,2520
R,12,3,3,5,2385
R,12,3,3,6,2891
R,12,3,3,7,3115
R,12,3,3,8,3064
R,12,3,3,9,2794
R,12,3,3,10,2915
R,12,3,3,11,2923
R,12,3,3,12,3108
R,12,3,3,13,2993
R,12,3,3,14,3152
R,12,3,3,15,3096
R,12,3,4,1,1113
R,12,3,4,2,2087
R,12,3,4,3,1816
R,12,3,4,4,599
R,12,3,4,5,430
R,12,3,4,6,738
R,12,3,4,7,483
R,12,3,4,8,396
R,12,3,4,9,496
R,12,3,4,10,555
R,12,3,4,11,504
R,12,3,4,12,868
R,12,3,4,13,897
R,12,3,4,14,877
R,12,3,4,15,831
R,12,3,5,1,503
R,12,3,5,2,845
R,12,3,5,3,652
R,12,3,5,4,110
R,12,3,5,5,87
R,12,3,5,6,221
R,12,3,5,7,129
R,12,3,5,8,69
R,12,3,5,9,105
R,12,3,5,10,59
R,12,3,5,11,47
R,12,3,5,12,173
R,12,3,5,13,217
R,12,3,5,14,256
R,12,3,5,15,314
R,12,3,6,1,283
R,12,3,6,2,589
R,12,3,6,3,435
R,12,3,6,4,20
R,12,3,6,5,13
R,12,3,6,6,49
R,12,3,6,7,20
R,12,3,6,8,4
R,12,3,6,9,10
R,12,3,6,10,3
R,12,3,6,11,8
R,12,3,6,12,30
R,12,3,6,13,59
R,12,3,6,14,59
R,12,3,6,15,36
R,12,3,7,1,413
R,12,3,7,2,916
R,12,3,7,3,698
R,12,3,7,4,58
R,12,3,7,5,40
R,12,3,7,6,117
R,12,3,7,7,64
R,12,3,7,8,19
R,12,3,7,9,66
R,12,3,7,10,18
R,12,3,7,11,9
R,12,3,7,12,93
R,12,3,7,13,107
R,12,3,7,14,60
R,12,3,7,15,39
R,12,3,8,1,432
R,12,3,8,2,994
R,12,3,8,3,758
R,12,3,8,4,76
R,12,3,8,5,55
R,12,3,8,6,157
R,12,3,8,7,73
R,12,3,8,8,38
R,12,3,8,9,106
R,12,3,8,10,44
R,12,3,8,11,32
R,12,3,8,12,158
R,12,3,8,13,180
R,12,3,8,14,58
R,12,3,8,15,63
R,12,3,9,1,483
R,12,3,9,2,1001
R,12,3,9,3,782
R,12,3,9,4,101
R,12,3,9,5,88
R,12,3,9,6,203
R,12,3,9,7,112
R,12,3,9,8,96
R,12,3,9,9,129
R,12,3,9,10,75
R,12,3,9,11,60
R,12,3,9,12,197
R,12,3,9,13,205
R,12,3,9,14,94
R,12,3,9,15,114
R,12,3,10,1,405
R,12,3,10,2,740
R,12,3,10,3,589
R,12,3,10,4,86
R,12,3,10,5,75
R,12,3,10,6,152
R,12,3,10,7,97
R,12,3,10,8,79
R,12,3,10,9,81
R,12,3,10,10,62
R,12,3,10,11,45
R,12,3,10,12,141
R,12,3,10,13,153
R,12,3,10,14,67
R,12,3,10,15,98
R,13,1,1,1,1856
R,13,1,1,2,2703
R,13,1,1,3,2500
R,13,1,1,4,1273
R,13,1,1,5,1311
R,13,1,1,6,1435
R,13,1,1,7,1738
R,13,1,1,8,2060
R,13,1,1,9,1911
R,13,1,1,10,1833
R,13,1,1,11,1769
R,13,1,1,12,1888
R,13,1,1,13,1761
R,13,1,1,14,1858
R,13,1,1,15,1899
R,13,1,2,1,1765
R,13,1,2,2,2592
R,13,1,2,3,2392
R,13,1,2,4,1116
R,13,1,2,5,1159
R,13,1,2,6,1330
R,13,1,2,7,1835
R,13,1,2,8,2186
R,13,1,2,9,1943
R,13,1,2,10,1875
R,13,1,2,11,1812
R,13,1,2,12,1923
R,13,1,2,13,1845
R,13,1,2,14,2109
R,13,1,2,15,2138
R,13,1,3,1,1698
R,13,1,3,2,2642
R,13,1,3,3,2443
R,13,1,3,4,1116
R,13,1,3,5,1124
R,13,1,3,6,1343
R,13,1,3,7,1802
R,13,1,3,8,2255
R,13,1,3,9,1948
R,13,1,3,10,1920
R,13,1,3,11,1863
R,13,1,3,12,2025
R,13,1,3,13,2053
R,13,1,3,14,2351
R,13,1,3,15,2479
R,13,1,4,1,689
R,13,1,4,2,1157
R,13,1,4,3,922
R,13,1,4,4,249
R,13,1,4,5,330
R,13,1,4,6,528
R,13,1,4,7,508
R,13,1,4,8,902
R,13,1,4,9,896
R,13,1,4,10,766
R,13,1,4,11,635
R,13,1,4,12,890
R,13,1,4,13,1013
R,13,1,4,14,1319
R,13,1,4,15,1878
R,13,1,5,1,608
R,13,1,5,2,1056
R,13,1,5,3,799
R,13,1,5,4,248
R,13,1,5,5,343
R,13,1,5,6,518
R,13,1,5,7,436
R,13,1,5,8,672
R,13,1,5,9,611
R,13,1,5,10,448
R,13,1,5,11,267
R,13,1,5,12,406
R,13,1,5,13,460
R,13,1,5,14,492
R,13,1,5,15,1145
R,13,1,6,1,620
R,13,1,6,2,1059
R,13,1,6,3,778
R,13,1,6,4,171
R,13,1,6,5,233
R,13,1,6,6,410
R,13,1,6,7,298
R,13,1,6,8,426
R,13,1,6,9,362
R,13,1,6,10,260
R,13,1,6,11,155
R,13,1,6,12,283
R,13,1,6,13,310
R,13,1,6,14,307
R,13,1,6,15,822
R,13,1,7,1,930
R,13,1,7,2,1420
R,13,1,7,3,1143
R,13,1,7,4,323
R,13,1,7,5,403
R,13,1,7,6,754
R,13,1,7,7,660
R,13,1,7,8,887
R,13,1,7,9,806
R,13,1,7,10,435
R,13,1,7,11,196
R,13,1,7,12,329
R,13,1,7,13,393
R,13,1,7,14,306
R,13,1,7,15,794
R,13,1,8,1,893
R,13,1,8,2,1296
R,13,1,8,3,982
R,13,1,8,4,283
R,13,1,8,5,384
R,13,1,8,6,652
R,13,1,8,7,569
R,13,1,8,8,675
R,13,1,8,9,609
R,13,1,8,10,340
R,13,1,8,11,199
R,13,1,8,12,292
R,13,1,8,13,298
R,13,1,8,14,251
R,13,1,8,15,710
R,13,1,9,1,1008
R,13,1,9,2,1467
R,13,1,9,3,1121
R,13,1,9,4,365
R,13,1,9,5,448
R,13,1,9,6,735
R,13,1,9,7,671
R,13,1,9,8,760
R,13,1,9,9,668
R,13,1,9,10,369
R,13,1,9,11,216
R,13,1,9,12,324
R,13,1,9,13,290
R,13,1,9,14,301
R,13,1,9,15,990
R,13,1,10,1,1088
R,13,1,10,2,1430
R,13,1,10,3,1089
R,13,1,10,4,415
R,13,1,10,5,481
R,13,1,10,6,740
R,13,1,10,7,700
R,13,1,10,8,735
R,13,1,10,9,599
R,13,1,10,10,305
R,13,1,10,11,170
R,13,1,10,12,243
R,13,1,10,13,231
R,13,1,10,14,220
R,13,1,10,15,795
R,13,2,1,1,2168
R,13,2,1,2,2857
R,13,2,1,3,2862
R,13,2,1,4,1638
R,13,2,1,5,1723
R,13,2,1,6,1863
R,13,2,1,7,2105
R,13,2,1,8,2560
R,13,2,1,9,2370
R,13,2,1,10,2341
R,13,2,1,11,2259
R,13,2,1,12,2374
R,13,2,1,13,2124
R,13,2,1,14,2250
R,13,2,1,15,2275
R,13,2,2,1,1780
R,13,2,2,2,2644
R,13,2,2,3,2575
R,13,2,2,4,1404
R,13,2,2,5,1489
R,13,2,2,6,1641
R,13,2,2,7,2117
R,13,2,2,8,2540
R,13,2,2,9,2284
R,13,2,2,10,2272
R,13,2,2,11,2243
R,13,2,2,12,2376
R,13,2,2,13,2259
R,13,2,2,14,2517
R,13,2,2,15,2552
R,13,2,3,1,1667
R,13,2,3,2,2627
R,13,2,3,3,2609
R,13,2,3,4,1394
R,13,2,3,5,1456
R,13,2,3,6,1677
R,13,2,3,7,2120
R,13,2,3,8,2569
R,13,2,3,9,2253
R,13,2,3,10,2264
R,13,2,3,11,2272
R,13,2,3,12,2442
R,13,2,3,13,2408
R,13,2,3,14,2722
R,13,2,3,15,2862
R,13,2,4,1,544
R,13,2,4,2,1107
R,13,2,4,3,920
R,13,2,4,4,254
R,13,2,4,5,381
R,13,2,4,6,630
R,13,2,4,7,583
R,13,2,4,8,950
R,13,2,4,9,1031
R,13,2,4,10,1040
R,13,2,4,11,1000
R,13,2,4,12,1378
R,13,2,4,13,1510
R,13,2,4,14,1865
R,13,2,4,15,2361
R,13,2,5,1,489
R,13,2,5,2,899
R,13,2,5,3,787
R,13,2,5,4,210
R,13,2,5,5,373
R,13,2,5,6,589
R,13,2,5,7,490
R,13,2,5,8,682
R,13,2,5,9,737
R,13,2,5,10,573
R,13,2,5,11,363
R,13,2,5,12,576
R,13,2,5,13,660
R,13,2,5,14,750
R,13,2,5,15,1378
R,13,2,6,1,428
R,13,2,6,2,812
R,13,2,6,3,722
R,13,2,6,4,84
R,13,2,6,5,183
R,13,2,6,6,408
R,13,2,6,7,315
R,13,2,6,8,412
R,13,2,6,9,428
R,13,2,6,10,283
R,13,2,6,11,150
R,13,2,6,12,328
R,13,2,6,13,435
R,13,2,6,14,476
R,13,2,6,15,982
R,13,2,7,1,787
R,13,2,7,2,1404
R,13,2,7,3,1175
R,13,2,7,4,238
R,13,2,7,5,410
R,13,2,7,6,756
R,13,2,7,7,717
R,13,2,7,8,869
R,13,2,7,9,887
R,13,2,7,10,513
R,13,2,7,11,219
R,13,2,7,12,431
R,13,2,7,13,582
R,13,2,7,14,466
R,13,2,7,15,977
R,13,2,8,1,735
R,13,2,8,2,1239
R,13,2,8,3,1035
R,13,2,8,4,172
R,13,2,8,5,377
R,13,2,8,6,705
R,13,2,8,7,602
R,13,2,8,8,761
R,13,2,8,9,731
R,13,2,8,10,419
R,13,2,8,11,236
R,13,2,8,12,399
R,13,2,8,13,466
R,13,2,8,14,432
R,13,2,8,15,938
R,13,2,9,1,830
R,13,2,9,2,1315
R,13,2,9,3,1062
R,13,2,9,4,212
R,13,2,9,5,416
R,13,2,9,6,718
R,13,2,9,7,663
R,13,2,9,8,783
R,13,2,9,9,740
R,13,2,9,10,388
R,13,2,9,11,210
R,13,2,9,12,397
R,13,2,9,13,424
R,13,2,9,14,423
R,13,2,9,15,1174
R,13,2,10,1,929
R,13,2,10,2,1259
R,13,2,10,3,1000
R,13,2,10,4,241
R,13,2,10,5,441
R,13,2,10,6,713
R,13,2,10,7,634
R,13,2,10,8,676
R,13,2,10,9,556
R,13,2,10,10,287
R,13,2,10,11,163
R,13,2,10,12,251
R,13,2,10,13,272
R,13,2,10,14,249
R,13,2,10,15,850
R,13,3,1,1,2403
R,13,3,1,2,3688
R,13,3,1,3,3664
R,13,3,1,4,3040
R,13,3,1,5,3057
R,13,3,1,6,3159
R,13,3,1,7,3177
R,13,3,1,8,3151
R,13,3,1,9,2982
R,13,3,1,10,3040
R,13,3,1,11,2937
R,13,3,1,12,2989
R,13,3,1,13,2689
R,13,3,1,14,2879
R,13,3,1,15,2873
R,13,3,2,1,1548
R,13,3,2,2,3400
R,13,3,2,3,3440
R,13,3,2,4,2622
R,13,3,2,5,2653
R,13,3,2,6,2870
R,13,3,2,7,3083
R,13,3,2,8,3074
R,13,3,2,9,2754
R,13,3,2,10,2799
R,13,3,2,11,2762
R,13,3,2,12,2800
R,13,3,2,13,2620
R,13,3,2,14,2905
R,13,3,2,15,2931
R,13,3,3,1,1368
R,13,3,3,2,3266
R,13,3,3,3,3315
R,13,3,3,4,2535
R,13,3,3,5,2569
R,13,3,3,6,2830
R,13,3,3,7,3049
R,13,3,3,8,3053
R,13,3,3,9,2789
R,13,3,3,10,2807
R,13,3,3,11,2808
R,13,3,3,12,2834
R,13,3,3,13,2711
R,13,3,3,14,2965
R,13,3,3,15,3042
R,13,3,4,1,148
R,13,3,4,2,497
R,13,3,4,3,614
R,13,3,4,4,240
R,13,3,4,5,176
R,13,3,4,6,277
R,13,3,4,7,181
R,13,3,4,8,210
R,13,3,4,9,239
R,13,3,4,10,184
R,13,3,4,11,156
R,13,3,4,12,182
R,13,3,4,13,184
R,13,3,4,14,345
R,13,3,4,15,425
R,13,3,5,2,3
R,13,3,5,3,8
R,13,3,5,6,3
R,13,3,5,9,1
R,13,3,5,10,1
R,13,3,5,15,3
R,13,3,6,2,3
R,13,3,6,3,1
R,13,3,7,2,3
R,13,3,7,3,7
R,13,3,7,6,1
R,13,3,8,2,1
R,13,3,8,3,3
R,13,3,8,6,1
R,13,3,9,2,4
R,13,3,9,3,5
R,13,3,9,6,2
R,13,3,9,15,1
R,13,3,10,1,4
R,13,3,10,2,11
R,13,3,10,3,8
R,13,3,10,5,2
R,13,3,10,6,4
R,13,3,10,7,1
R,13,3,10,15,1
R,32 (-Q),1,1,1,1856
R,32 (-Q),1,1,2,2703
R,32 (-Q),1,1,3,2500
R,32 (-Q),1,1,4,1273
R,32 (-Q),1,1,5,1311
R,32 (-Q),1,1,6,1435
R,32 (-Q),1,1,7,1738
R,32 (-Q),1,1,8,2060
R,32 (-Q),1,1,9,1911
R,32 (-Q),1,1,10,1833
R,32 (-Q),1,1,11,1769
R,32 (-Q),1,1,12,1888
R,32 (-Q),1,1,13,1761
R,32 (-Q),1,1,14,1858
R,32 (-Q),1,1,15,1899
R,32 (-Q),1,2,1,1765
R,32 (-Q),1,2,2,2592
R,32 (-Q),1,2,3,2392
R,32 (-Q),1,2,4,1116
R,32 (-Q),1,2,5,1159
R,32 (-Q),1,2,6,1330
R,32 (-Q),1,2,7,1835
R,32 (-Q),1,2,8,2186
R,32 (-Q),1,2,9,1943
R,32 (-Q),1,2,10,1875
R,32 (-Q),1,2,11,1812
R,32 (-Q),1,2,12,1923
R,32 (-Q),1,2,13,1845
R,32 (-Q),1,2,14,2109
R,32 (-Q),1,2,15,2138
R,32 (-Q),1,3,1,1698
R,32 (-Q),1,3,2,2642
R,32 (-Q),1,3,3,2443
R,32 (-Q),1,3,4,1116
R,32 (-Q),1,3,5,1124
R,32 (-Q),1,3,6,1343
R,32 (-Q),1,3,7,1802
R,32 (-Q),1,3,8,2255
R,32 (-Q),1,3,9,1948
R,32 (-Q),1,3,10,1920
R,32 (-Q),1,3,11,1863
R,32 (-Q),1,3,12,2025
R,32 (-Q),1,3,13,2053
R,32 (-Q),1,3,14,2351
R,32 (-Q),1,3,15,2479
R,32 (-Q),1,4,1,689
R,32 (-Q),1,4,2,1157
R,32 (-Q),1,4,3,922
R,32 (-Q),1,4,4,249
R,32 (-Q),1,4,5,330
R,32 (-Q),1,4,6,528
R,32 (-Q),1,4,7,508
R,32 (-Q),1,4,8,902
R,32 (-Q),1,4,9,896
R,32 (-Q),1,4,10,766
R,32 (-Q),1,4,11,635
R,32 (-Q),1,4,12,890
R,32 (-Q),1,4,13,1013
R,32 (-Q),1,4,14,1319
R,32 (-Q),1,4,15,1878
R,32 (-Q),1,5,1,608
R,32 (-Q),1,5,2,1056
R,32 (-Q),1,5,3,799
R,32 (-Q),1,5,4,248
R,32 (-Q),1,5,5,343
R,32 (-Q),1,5,6,518
R,32 (-Q),1,5,7,436
R,32 (-Q),1,5,8,672
R,32 (-Q),1,5,9,611
R,32 (-Q),1,5,10,448
R,32 (-Q),1,5,11,267
R,32 (-Q),1,5,12,406
R,32 (-Q),1,5,13,460
R,32 (-Q),1,5,14,492
R,32 (-Q),1,5,15,1145
R,32 (-Q),1,6,1,620
R,32 (-Q),1,6,2,1059
R,32 (-Q),1,6,3,778
R,32 (-Q),1,6,4,171
R,32 (-Q),1,6,5,233
R,32 (-Q),1,6,6,410
R,32 (-Q),1,6,7,298
R,32 (-Q),1,6,8,426
R,32 (-Q),1,6,9,362
R,32 (-Q),1,6,10,260
R,32 (-Q),1,6,11,155
R,32 (-Q),1,6,12,283
R,32 (-Q),1,6,13,310
R,32 (-Q),1,6,14,307
R,32 (-Q),1,6,15,822
R,32 (-Q),1,7,1,930
R,32 (-Q),1,7,2,1420
R,32 (-Q),1,7,3,1143
R,32 (-Q),1,7,4,323
R,32 (-Q),1,7,5,403
R,32 (-Q),1,7,6,754
R,32 (-Q),1,7,7,660
R,32 (-Q),1,7,8,887
R,32 (-Q),1,7,9,806
R,32 (-Q),1,7,10,435
R,32 (-Q),1,7,11,196
R,32 (-Q),1,7,12,329
R,32 (-Q),1,7,13,393
R,32 (-Q),1,7,14,306
R,32 (-Q),1,7,15,794
R,32 (-Q),1,8,1,893
R,32 (-Q),1,8,2,1296
R,32 (-Q),1,8,3,982
R,32 (-Q),1,8,4,283
R,32 (-Q),1,8,5,384
R,32 (-Q),1,8,6,652
R,32 (-Q),1,8,7,569
R,32 (-Q),1,8,8,675
R,32 (-Q),1,8,9,609
R,32 (-Q),1,8,10,340
R,32 (-Q),1,8,11,199
R,32 (-Q),1,8,12,292
R,32 (-Q),1,8,13,298
R,32 (-Q),1,8,14,251
R,32 (-Q),1,8,15,710
R,32 (-Q),1,9,1,1008
R,32 (-Q),1,9,2,1467
R,32 (-Q),1,9,3,1121
R,32 (-Q),1,9,4,365
R,32 (-Q),1,9,5,448
R,32 (-Q),1,9,6,735
R,32 (-Q),1,9,7,671
R,32 (-Q),1,9,8,760
R,32 (-Q),1,9,9,668
R,32 (-Q),1,9,10,369
R,32 (-Q),1,9,11,216
R,32 (-Q),1,9,12,324
R,32 (-Q),1,9,13,290
R,32 (-Q),1,9,14,301
R,32 (-Q),1,9,15,990
R,32 (-Q),1,10,1,1088
R,32 (-Q),1,10,2,1430
R,32 (-Q),1,10,3,1089
R,32 (-Q),1,10,4,415
R,32 (-Q),1,10,5,481
R,32 (-Q),1,10,6,740
R,32 (-Q),1,10,7,700
R,32 (-Q),1,10,8,735
R,32 (-Q),1,10,9,599
R,32 (-Q),1,10,10,305
R,32 (-Q),1,10,11,170
R,32 (-Q),1,10,12,243
R,32 (-Q),1,10,13,231
R,32 (-Q),1,10,14,220
R,32 (-Q),1,10,15,795
R,32 (-Q),2,1,1,2168
R,32 (-Q),2,1,2,2857
R,32 (-Q),2,1,3,2862
R,32 (-Q),2,1,4,1638
R,32 (-Q),2,1,5,1723
R,32 (-Q),2,1,6,1863
R,32 (-Q),2,1,7,2105
R,32 (-Q),2,1,8,2560
R,32 (-Q),2,1,9,2370
R,32 (-Q),2,1,10,2341
R,32 (-Q),2,1,11,2259
R,32 (-Q),2,1,12,2374
R,32 (-Q),2,1,13,2124
R,32 (-Q),2,1,14,2250
R,32 (-Q),2,1,15,2275
R,32 (-Q),2,2,1,1780
R,32 (-Q),2,2,2,2644
R,32 (-Q),2,2,3,2575
R,32 (-Q),2,2,4,1404
R,32 (-Q),2,2,5,1489
R,32 (-Q),2,2,6,1641
R,32 (-Q),2,2,7,2117
R,32 (-Q),2,2,8,2540
R,32 (-Q),2,2,9,2284
R,32 (-Q),2,2,10,2272
R,32 (-Q),2,2,11,2243
R,32 (-Q),2,2,12,2376
R,32 (-Q),2,2,13,2259
R,32 (-Q),2,2,14,2517
R,32 (-Q),2,2,15,2552
R,32 (-Q),2,3,1,1667
R,32 (-Q),2,3,2,2627
R,32 (-Q),2,3,3,2609
R,32 (-Q),2,3,4,1394
R,32 (-Q),2,3,5,1456
R,32 (-Q),2,3,6,1677
R,32 (-Q),2,3,7,2120
R,32 (-Q),2,3,8,2569
R,32 (-Q),2,3,9,2253
R,32 (-Q),2,3,10,2264
R,32 (-Q),2,3,11,2272
R,32 (-Q),2,3,12,2442
R,32 (-Q),2,3,13,2408
R,32 (-Q),2,3,14,2722
R,32 (-Q),2,3,15,2862
R,32 (-Q),2,4,1,544
R,32 (-Q),2,4,2,1107
R,32 (-Q),2,4,3,920
R,32 (-Q),2,4,4,254
R,32 (-Q),2,4,5,381
R,32 (-Q),2,4,6,630
R,32 (-Q),2,4,7,583
R,32 (-Q),2,4,8,950
R,32 (-Q),2,4,9,1031
R,32 (-Q),2,4,10,1040
R,32 (-Q),2,4,11,1000
R,32 (-Q),2,4,12,1378
R,32 (-Q),2,4,13,1510
R,32 (-Q),2,4,14,1865
R,32 (-Q),2,4,15,2361
R,32 (-Q),2,5,1,489
R,32 (-Q),2,5,2,899
R,32 (-Q),2,5,3,787
R,32 (-Q),2,5,4,210
R,32 (-Q),2,5,5,373
R,32 (-Q),2,5,6,589
R,32 (-Q),2,5,7,490
R,32 (-Q),2,5,8,682
R,32 (-Q),2,5,9,737
R,32 (-Q),2,5,10,573
R,32 (-Q),2,5,11,363
R,32 (-Q),2,5,12,576
R,32 (-Q),2,5,13,660
R,32 (-Q),2,5,14,750
R,32 (-Q),2,5,15,1378
R,32 (-Q),2,6,1,428
R,32 (-Q),2,6,2,812
R,32 (-Q),2,6,3,722
R,32 (-Q),2,6,4,84
R,32 (-Q),2,6,5,183
R,32 (-Q),2,6,6,408
R,32 (-Q),2,6,7,315
R,32 (-Q),2,6,8,412
R,32 (-Q),2,6,9,428
R,32 (-Q),2,6,10,283
R,32 (-Q),2,6,11,150
R,32 (-Q),2,6,12,328
R,32 (-Q),2,6,13,435
R,32 (-Q),2,6,14,476
R,32 (-Q),2,6,15,982
R,32 (-Q),2,7,1,787
R,32 (-Q),2,7,2,1404
R,32 (-Q),2,7,3,1175
R,32 (-Q),2,7,4,238
R,32 (-Q),2,7,5,410
R,32 (-Q),2,7,6,756
R,32 (-Q),2,7,7,717
R,32 (-Q),2,7,8,869
R,32 (-Q),2,7,9,887
R,32 (-Q),2,7,10,513
R,32 (-Q),2,7,11,219
R,32 (-Q),2,7,12,431
R,32 (-Q),2,7,13,582
R,32 (-Q),2,7,14,466
R,32 (-Q),2,7,15,977
R,32 (-Q),2,8,1,735
R,32 (-Q),2,8,2,1239
R,32 (-Q),2,8,3,1035
R,32 (-Q),2,8,4,172
R,32 (-Q),2,8,5,377
R,32 (-Q),2,8,6,705
R,32 (-Q),2,8,7,602
R,32 (-Q),2,8,8,761
R,32 (-Q),2,8,9,731
R,32 (-Q),2,8,10,419
R,32 (-Q),2,8,11,236
R,32 (-Q),2,8,12,399
R,32 (-Q),2,8,13,466
R,32 (-Q),2,8,14,432
R,32 (-Q),2,8,15,938
R,32 (-Q),2,9,1,830
R,32 (-Q),2,9,2,1315
R,32 (-Q),2,9,3,1062
R,32 (-Q),2,9,4,212
R,32 (-Q),2,9,5,416
R,32 (-Q),2,9,6,718
R,32 (-Q),2,9,7,663
R,32 (-Q),2,9,8,783
R,32 (-Q),2,9,9,740
R,32 (-Q),2,9,10,388
R,32 (-Q),2,9,11,210
R,32 (-Q),2,9,12,397
R,32 (-Q),2,9,13,424
R,32 (-Q),2,9,14,423
R,32 (-Q),2,9,15,1174
R,32 (-Q),2,10,1,929
R,32 (-Q),2,10,2,1259
R,32 (-Q),2,10,3,1000
R,32 (-Q),2,10,4,241
R,32 (-Q),2,10,5,441
R,32 (-Q),2,10,6,713
R,32 (-Q),2,10,7,634
R,32 (-Q),2,10,8,676
R,32 (-Q),2,10,9,556
R,32 (-Q),2,10,10,287
R,32 (-Q),2,10,11,163
R,32 (-Q),2,10,12,251
R,32 (-Q),2,10,13,272
R,32 (-Q),2,10,14,249
R,32 (-Q),2,10,15,850
R,32 (-Q),3,1,1,2403
R,32 (-Q),3,1,2,3688
R,32 (-Q),3,1,3,3664
R,32 (-Q),3,1,4,3040
R,32 (-Q),3,1,5,3057
R,32 (-Q),3,1,6,3159
R,32 (-Q),3,1,7,3177
R,32 (-Q),3,1,8,3151
R,32 (-Q),3,1,9,2982
R,32 (-Q),3,1,10,3040
R,32 (-Q),3,1,11,2937
R,32 (-Q),3,1,12,2989
R,32 (-Q),3,1,13,2689
R,32 (-Q),3,1,14,2879
R,32 (-Q),3,1,15,2873
R,32 (-Q),3,2,1,1548
R,32 (-Q),3,2,2,3400
R,32 (-Q),3,2,3,3440
R,32 (-Q),3,2,4,2622
R,32 (-Q),3,2,5,2653
R,32 (-Q),3,2,6,2870
R,32 (-Q),3,2,7,3083
R,32 (-Q),3,2,8,3074
R,32 (-Q),3,2,9,2754
R,32 (-Q),3,2,10,2799
R,32 (-Q),3,2,11,2762
R,32 (-Q),3,2,12,2800
R,32 (-Q),3,2,13,2620
R,32 (-Q),3,2,14,2905
R,32 (-Q),3,2,15,2931
R,32 (-Q),3,3,1,1368
R,32 (-Q),3,3,2,3266
R,32 (-Q),3,3,3,3315
R,32 (-Q),3,3,4,2535
R,32 (-Q),3,3,5,2569
R,32 (-Q),3,3,6,2830
R,32 (-Q),3,3,7,3049
R,32 (-Q),3,3,8,3053
R,32 (-Q),3,3,9,2789
R,32 (-Q),3,3,10,2807
R,32 (-Q),3,3,11,2808
R,32 (-Q),3,3,12,2834
R,32 (-Q),3,3,13,2711
R,32 (-Q),3,3,14,2965
R,32 (-Q),3,3,15,3042
R,32 (-Q),3,4,1,148
R,32 (-Q),3,4,2,497
R,32 (-Q),3,4,3,614
R,32 (-Q),3,4,4,240
R,32 (-Q),3,4,5,176
R,32 (-Q),3,4,6,277
R,32 (-Q),3,4,7,181
R,32 (-Q),3,4,8,210
R,32 (-Q),3,4,9,239
R,32 (-Q),3,4,10,184
R,32 (-Q),3,4,11,156
R,32 (-Q),3,4,12,182
R,32 (-Q),3,4,13,184
R,32 (-Q),3,4,14,345
R,32 (-Q),3,4,15,425
R,32 (-Q),3,5,2,3
R,32 (-Q),3,5,3,8
R,32 (-Q),3,5,6,3
R,32 (-Q),3,5,9,1
R,32 (-Q),3,5,10,1
R,32 (-Q),3,5,15,3
R,32 (-Q),3,6,2,3
R,32 (-Q),3,6,3,1
R,32 (-Q),3,7,2,3
R,32 (-Q),3,7,3,7
R,32 (-Q),3,7,6,1
R,32 (-Q),3,8,2,1
R,32 (-Q),3,8,3,3
R,32 (-Q),3,8,6,1
R,32 (-Q),3,9,2,4
R,32 (-Q),3,9,3,5
R,32 (-Q),3,9,6,2
R,32 (-Q),3,9,15,1
R,32 (-Q),3,10,1,4
R,32 (-Q),3,10,2,11
R,32 (-Q),3,10,3,8
R,32 (-Q),3,10,5,2
R,32 (-Q),3,10,6,4
R,32 (-Q),3,10,7,1
R,32 (-Q),3,10,15,1
